href,program_name,date,size,reason,curr_page_url,author
http://www.pc6.com/az/668480.html,全民赚,2021-01-23  ,  21.6M,全民赚app是一款全面做任务赚钱的客户端应用，全民赚软件注册即可利用碎片化时间赚钱，简单几步获得赏金，并且赏金也能利用全民赚app发布需求进行推广,http://www.pc6.com/pc/shiwanzhuanqapp/1/,深圳栢讯灵动科技有限公司
http://www.pc6.com/az/959996.html,kapseli试玩,2021-01-22  ,  23.7M,kapseli试玩app是一款收益很高的悬赏试玩赚钱项目。kapseli试玩以试玩游戏为主，kapseli试玩app对于喜欢玩游戏的朋友来说简直就是天堂，kapseli试玩既能随时玩各种新游戏，还能赚到钱,http://www.pc6.com/pc/shiwanzhuanqapp/1/,暂无
http://www.pc6.com/az/960715.html,赚蛋蛋,2021-01-24  ,  17M,赚蛋蛋试玩是一个能为用户提供赚钱服务的App，在赚蛋蛋app上，用户只需要简单操作一下，就能够获得收益，不管是新老用户，在赚蛋蛋赚钱软件上，都能找到适合自己的赚钱方式。,http://www.pc6.com/pc/shiwanzhuanqapp/1/,暂无
http://www.pc6.com/az/960712.html,云米赚,2021-01-24  ,  17M,云米赚试玩平台是一款赚钱网络平台，用户可利用空闲时间做任务赚钱。云米赚钱app精选丰富悬赏和试玩任务，做任务赚佣金，发布广告，赚钱轻松，仅需简单几步，来云米赚app轻松赚取零花钱。,http://www.pc6.com/pc/shiwanzhuanqapp/1/,暂无
http://www.pc6.com/az/695554.html,小窝试玩,2021-01-21  ,  13.8M,小窝试玩app是一款单价高易操作的试玩赚钱应用，小窝试玩软件注册即可直接在任务列表中领取好玩简单的任务，小窝试玩app每个任务都有不一样的佣金提供，收益多提现快,http://www.pc6.com/pc/shiwanzhuanqapp/1/,暂无
http://www.pc6.com/az/700334.html,玩着赚,2021-01-21  ,  13.8M,玩着赚app是一款满足用户在家躺赚需求的客户端应用，玩着赚钱软件上拥有多种赚钱途径，只有你想不到没有玩着赚没有的，一步轻松赚钱，玩着赚还有抽奖拆宝箱收徒等玩法,http://www.pc6.com/pc/shiwanzhuanqapp/1/,暂无
http://www.pc6.com/az/960707.html,淘钱客,2021-01-24  ,  17M,淘钱客app是一个为有闲暇时间的大家提供的网赚软件，淘钱客app许多操作简便，仅需要参与某些活动、分享拉新、完成某些试用任务就可以领取礼品或现金奖励，淘钱客app积累奖励就可以提现赚钱哦！,http://www.pc6.com/pc/shiwanzhuanqapp/1/,暂无
http://www.pc6.com/az/960562.html,好运乐园,2021-01-23  ,  26.3M,好运乐园红包版是一款趣味好玩的刮卡赚钱手机软件，好运乐园app上线了海量丰富靠谱的福利活动和任务玩法，通过好运乐园软件可以随时在线抽奖领红包赚收益，领取现金秒提现。,http://www.pc6.com/pc/shiwanzhuanqapp/1/,beeplay
http://www.pc6.com/az/962841.html,小鸡趣玩赚钱版,2021-01-27  ,  26.6M,小鸡趣玩赚钱版app是一款玩小游戏打卡都能赚钱的应用，小鸡趣玩红包版上有超多好玩魔性的小游戏，简单玩一玩就能领现金，小鸡趣玩赚钱版可玩性高赚钱轻松,http://www.pc6.com/pc/shiwanzhuanqapp/1/,杭州闲玩科技有限公司
http://www.pc6.com/az/791915.html,糖果猫试玩,2021-01-31  ,  0KB,糖果猫是一款试玩游戏赚钱软件，软件安全可靠，里面提供大量的试玩任务奖励，所有任务都经过审核，用户可以在这里进行试玩赚钱，轻松赚钱零花钱。,http://www.pc6.com/pc/shiwanzhuanqapp/1/,暂无
http://www.pc6.com/az/963722.html,易游赚,2021-01-28  ,  17M,易游赚app客户端是一款游戏试玩赚钱平台，用户可利用空闲时间玩游戏做任务赚钱。易游赚app精选丰富悬赏任务，仅需简单试玩即可轻松赚取零花钱。来易游赚app一起赚零花吧！,http://www.pc6.com/pc/shiwanzhuanqapp/1/,暂无
http://www.pc6.com/az/692064.html,来赚试玩,2021-01-31  ,  0KB,来赚试玩app是一款完全免费的在线试玩赚钱应用，来赚试玩软件上的规则非常简单，只要达到要求即可在线试玩赚，来赚试玩app每一单都有非常高的佣金，并且邀请好友也能轻松赚,http://www.pc6.com/pc/shiwanzhuanqapp/1/,暂无
http://www.pc6.com/az/929323.html,趣玩多客,2021-01-27  ,  26.9M,趣玩多客app是一款非常出色的试玩接单赚钱平台。趣玩多客赚钱方式主要是以试玩游戏为主，除了试玩游戏以外趣玩多客app还有多种其他赚钱方式可供大家尝试，一般都是很简单的,http://www.pc6.com/pc/shiwanzhuanqapp/1/,暂无
http://www.pc6.com/az/953064.html,吉祥线报,2021-01-26  ,  13.8M,吉祥线报app是一款每天都能在线做任务赚钱的应用，吉祥线报软件上动动手机就能完成任务赚钱，让你的闲时也能有收入，吉祥线报app提现门槛也很低,http://www.pc6.com/pc/shiwanzhuanqapp/1/,湖南微金时代科技有限公司
http://www.pc6.com/az/683964.html,跳跳猪,2021-02-01  ,  0KB,跳跳猪试玩app是一款提供各类精彩游戏赚钱的客户端应用，跳跳猪软件娱乐赚钱两不误，各种热门好玩的手游都有，打发时间玩游戏的同时就能领取奖励，并且跳跳猪还能邀请还有一起赚,http://www.pc6.com/pc/shiwanzhuanqapp/1/,暂无
http://www.pc6.com/az/751377.html,八方试客,2021-01-21  ,  5.0M,八方试客app是一款无需投入任何资金的优质试玩游戏赚钱平台。八方试客app上的赚钱任务还是特别的不错的，八方试客app的门槛也十分低，人人都可以来这里赚钱,http://www.pc6.com/pc/shiwanzhuanqapp/1/,暂无
http://www.pc6.com/az/676933.html,钱试客,2021-02-01  ,  0KB,钱试客app是一款每天完成海量试玩任务赚钱的客户端应用，钱试客软件上每天花费一点点零散时间即可做任务赚用户，每天钱试客app都会更新试玩任务，轻松几步简单赚钱,http://www.pc6.com/pc/shiwanzhuanqapp/1/,暂无
http://www.pc6.com/az/965926.html,一起试玩,2021-02-01  ,  17M,一起试玩app是一个为有闲暇时间的用户们提供的网赚应用，一起试玩app系列操作简便，一起试玩app累积奖励就可以提现赚钱哦！,http://www.pc6.com/pc/shiwanzhuanqapp/1/,暂无
http://www.pc6.com/az/961888.html,转转互赚,2021-01-26  ,  10.3M,转转互赚app是一款试玩游戏赚钱的应用，转转互赚软件高额福利版上简单试玩游戏，做任务就能轻松拿钱，转转互赚app任务单价非常高,http://www.pc6.com/pc/shiwanzhuanqapp/1/,暂无
http://www.pc6.com/az/957783.html,涨多多,2021-02-02  ,  3.3M,涨多多app是一款做积分任务赚钱的应用，涨多多积分平台中拥有超多任务模式，用户可以自由选择任务，并且涨多多app任务审批快提现到账速度快,http://www.pc6.com/pc/shiwanzhuanqapp/1/,佛山市慧动科技有限公司
http://www.pc6.com/az/966157.html,随意赚,2021-02-01  ,  17M,随意赚app是一款非常不错的试玩赚钱类手机软件，你可以通过随意赚试玩app轻松的做任务，快来随意赚app试玩平台一起进行接任务赚钱吧！,http://www.pc6.com/pc/shiwanzhuanqapp/1/,暂无
http://www.pc6.com/az/572601.html,麦子赚,2020-05-27  ,  30.0M,麦子赚app是一款试玩赚钱的客户端应用，麦子赚手机版拥有多种高额任务，让你每天都有不同的任务，完成任务轻松赚钱零花钱，并且10块钱就能提现收益非常高,http://www.pc6.com/pc/shiwanzhuanqapp/1/,暂无
http://www.pc6.com/az/959219.html,小泼猴试玩,2021-01-21  ,  18.7M,小泼猴试玩app是一款无需下载即可畅玩游戏的下载工具。小泼猴试玩最大的一个特点就是所有的游戏都不用付钱，小泼猴试玩app给大家整理了国内外最新、最热门的游戏排行榜供大家试玩,http://www.pc6.com/pc/shiwanzhuanqapp/1/,暂无
http://www.pc6.com/az/586804.html,游戏赚钱平台,2021-01-17  ,  33.9M,手机游戏赚钱平台是一款玩游戏即可赚钱的客户端应用，游戏赚钱软件上利用无聊的时间试玩游戏就能获得大量金币等等，并且不论是推广还是邀请好友都能快速赚钱，非常的轻松,http://www.pc6.com/pc/shiwanzhuanqapp/1/,邢台淘美乐网络科技有限公司
http://www.pc6.com/az/963477.html,亿众红包,2021-01-28  ,  17M,亿众红包试玩app是一个为有闲暇时间的伙伴们提供的网赚软件，亿众红包app很多操作简便，仅需要完成某些试用任务就可以领取礼品或现金奖励，亿众红包试玩软件积累奖励就可以提现赚钱哦！,http://www.pc6.com/pc/shiwanzhuanqapp/1/,暂无
http://www.pc6.com/az/965939.html,雪赚试玩平台,2021-02-01  ,  16.9M,雪赚试玩app是一款看视频做任务玩游戏都能赚钱的应用，雪赚试玩平台里有超多好玩的任务，每天不断更新，雪赚试玩app新人登录注册还直接能拿现金奖励,http://www.pc6.com/pc/shiwanzhuanqapp/1/,暂无
http://www.pc6.com/az/590859.html,聚聚玩,2020-05-27  ,  37.6M,聚聚玩app是一个玩游戏赚钱为主的一个平台，聚聚玩app可以做一些广告体验，购买返利等赚钱的任务。聚聚玩app可以一边玩游戏，可以一边赚钱，多好啊,http://www.pc6.com/pc/shiwanzhuanqapp/1/,深圳市聚梦智能科技有限公司
http://www.pc6.com/az/555353.html,狐狸赚,2020-07-21  ,  60M,狐狸赚app是一款选择好玩的任务赚钱的客户端应用，狐狸赚手机版注册就有现金领取，并且每天都有海量的任务为你提供，让你随时做任务赚钱,http://www.pc6.com/pc/shiwanzhuanqapp/1/,暂无
http://www.pc6.com/az/573336.html,一起赚pro,2019-05-31  ,  5.4M,一起赚pro是一款手机赚钱软件，一起赚app在做任务的同时，获得平台给予的奖励和返利。 一起赚app提现方式多，提现快捷，到账快。一起赚app让您在每天做些任务的同时，获得丰厚的回报，分享到朋友圈，赚取收益，积少成多,http://www.pc6.com/pc/shiwanzhuanqapp/1/,暂无
http://www.pc6.com/az/667732.html,天使赚试玩,2020-12-18  ,  3.0M,天使赚app是一款赚钱任务多且佣金高的试玩赚钱客户端应用，天使赚软件上用户利用碎片化娱乐时间在天使赚选择软件试玩任务即可轻松赚钱，并且天使赚有多种方式可以选择,http://www.pc6.com/pc/shiwanzhuanqapp/2/,暂无
http://www.pc6.com/az/939858.html,趣赚试玩,2020-12-22  ,  17M,趣赚试玩app是一款非常不错的生活服务类手机软件，你可以通过趣赚试玩app来进行做任务赚钱，趣赚试玩app上有着大量的试玩任务可供领取哦！,http://www.pc6.com/pc/shiwanzhuanqapp/2/,暂无
http://www.pc6.com/az/72231.html,米赚,2020-03-27  ,  17.3M,米赚App，中国第一手机赚钱平台。米赚App在2011年9月正式发布，是国内第一个专注于移动威客的手机应用，拥有1000万用户，是国内最大的手机赚钱应用。3分钟，1个Q币到账！米赚专门为新用户开设了快速通道,http://www.pc6.com/pc/shiwanzhuanqapp/1/,暂无
http://www.pc6.com/az/940596.html,时间就是金钱,2020-12-22  ,  13.2M,时间就是金钱app是一款赚钱赚到手软的轻松试玩赚钱平台。时间就是金钱精心挑选各种精品游戏供大家免费试玩，时间就是金钱app不仅能满足大家玩游戏的需求，通过试玩游戏还有红包领,http://www.pc6.com/pc/shiwanzhuanqapp/2/,北京淘未来网络技术有限公司
http://www.pc6.com/az/665836.html,青蛙试玩,2020-12-18  ,  0KB,青蛙试玩app是一款非常靠谱好用的试玩赚钱类平台，青蛙试玩app里有丰富多样的项目选择，新用户加入，在全新的青蛙试玩app平台上展开下载试玩，更有超多的奖励等你获取,http://www.pc6.com/pc/shiwanzhuanqapp/2/,暂无
http://www.pc6.com/az/938956.html,幽游赚试玩,2020-12-20  ,  10.3M,幽游赚试玩app是一款玩手机做任务赚现金的应用，幽游赚软件上有海量的试玩任务，在玩游戏时就有钱进账，邀请好友玩幽游赚试玩一起赚更多的钱,http://www.pc6.com/pc/shiwanzhuanqapp/2/,暂无
http://www.pc6.com/az/941623.html,快游平台币,2020-12-24  ,  6.7M,快游平台app是一款玩游戏享赚钱乐趣的应用，快游平台币软件上免费注册就能获得奖励币兑换矿机，手续费低，快游平台app上每天中午还能领分红，公开透明,http://www.pc6.com/pc/shiwanzhuanqapp/2/,暂无
http://www.pc6.com/az/937897.html,豆豆实测,2020-12-17  ,  34.7M,豆豆实测app是一款赚钱机会多多的悬赏接单赚钱软件。豆豆实测的赚钱任务类型繁多，豆豆实测app虽然主要是以试玩游戏赚钱为主，但是除此之外豆豆实测还有很多其他的赚钱任务,http://www.pc6.com/pc/shiwanzhuanqapp/2/,暂无
http://www.pc6.com/az/663736.html,小手试玩,2020-12-17  ,  3.0M,小手试玩app是一款试玩赚钱的客户端应用，小手试玩软件每天动动手指头就能轻松把钱赚，每天都会有海量的试玩赚钱任务，小手试玩让用户把零碎时间利用起来,http://www.pc6.com/pc/shiwanzhuanqapp/2/,暂无
http://www.pc6.com/az/940481.html,维系聚游,2020-12-22  ,  23.6M,维系聚游app是一款福利很丰厚的试玩游戏赚钱的软件。维系聚游搜罗了网络各种类型的游戏供大家免费试玩，维系聚游app不仅能满足大家玩游戏的需求，而且试玩游戏还能顺便赚点小钱,http://www.pc6.com/pc/shiwanzhuanqapp/2/,暂无
http://www.pc6.com/az/663812.html,聪明赚,2020-12-17  ,  4.6M,聪明赚app是一款万千人正在玩的掌上快捷赚钱平台。聪明赚app不用花费你太多时间，但你在有闲散时间的时候就可以随时通过聪明赚app赚钱非常丰厚的奖励，轻轻松松把钱赚,http://www.pc6.com/pc/shiwanzhuanqapp/2/,暂无
http://www.pc6.com/az/937310.html,应用试客红包版,2020-12-17  ,  13.3M,应用试客红包版是一款简单玩游戏赚钱的应用，应用试客赚钱app里有超多单价高的小任务，利用闲时玩玩手机还能免费抢红包，应用试客红包版每日都有精彩任务等你来玩,http://www.pc6.com/pc/shiwanzhuanqapp/2/,暂无
http://www.pc6.com/az/665136.html,首富赚钱试玩,2020-12-18  ,  3.0M,首富赚钱app是一款简单试玩赚钱的客户端应用，首富赚钱试玩软件即可获得相应的奖励，任务多，不限任何人群只要你有时间就能在线试玩各种好玩的应用，首富赚钱带徒弟也能赚,http://www.pc6.com/pc/shiwanzhuanqapp/2/,暂无
http://www.pc6.com/az/945278.html,游商,2020-12-30  ,  26.6M,游商app是一款天天福利红包拿不停的游戏试玩赚钱平台。游商汇集了全网最新、最热门的各种好玩游戏资源，游商app所有的游戏都是绿色安全的，大家放心下载，试玩一个游戏有相应报酬,http://www.pc6.com/pc/shiwanzhuanqapp/2/,暂无
http://www.pc6.com/az/631227.html,左玩右玩,2020-12-30  ,  12.1M,左玩右玩app是一款每天都能玩游戏赚高额奖励的客户端应用，左玩右玩手机版海量游戏兼职任务供你选择，边玩边赚，并且左玩右玩邀请好友还能领取红包奖励，提现秒到账,http://www.pc6.com/pc/shiwanzhuanqapp/2/,杭州老夫子网络技术有限公司
http://www.pc6.com/az/948477.html,蚂蚁试赚,2021-01-06  ,  0KB,蚂蚁试赚app是一款游戏试玩做任务赚收益的趣味娱乐手机软件，蚂蚁试赚app上线了很多精品热门小游戏，用户可随时进入蚂蚁试赚软件平台轻松做任务赚奖励。,http://www.pc6.com/pc/shiwanzhuanqapp/2/,暂无
http://www.pc6.com/az/653431.html,闪赚时代,2020-12-18  ,  12.4M,闪赚时代app是一款社交分享赚钱客户端应用，闪赚时代软件不局限与某一个社交平台，让用户可以充分利用自己庞大的粉丝群体快速创业赚钱，精准推广,http://www.pc6.com/pc/shiwanzhuanqapp/2/,暂无
http://www.pc6.com/az/947552.html,萌咖,2021-01-05  ,  12.3M,萌咖app是一款做做任务轻松拿钱的应用，萌咖软件每天在线完成任务即可领取萌豆奖励，推广萌咖app给有效用户还能升级会员赚更高收益，玩法模式多，轻松好赚,http://www.pc6.com/pc/shiwanzhuanqapp/2/,暂无
http://www.pc6.com/az/940642.html,天天游趣,2021-01-01  ,  14.5M,天天游趣app是一款每天玩游戏都有超高金币奖励的赚钱应用，天天游趣软件里任务多，赚钱速度快，有超多惊喜活动任务等你参与，邀请好友玩天天游趣还能有分红,http://www.pc6.com/pc/shiwanzhuanqapp/2/,杭州游来游趣网络技术有限公司
http://www.pc6.com/az/878366.html,游侠赚,2021-01-01  ,  29.9M,游侠赚app是一款小游戏免费版在线玩应用。游侠赚app里汇集了丰富种类的小欧语系，玩家可以边玩游戏边赚钱，轻松有趣,http://www.pc6.com/pc/shiwanzhuanqapp/2/,杭州可玩科技有限公司
http://www.pc6.com/az/945267.html,多游赚,2020-12-30  ,  4.5M,多游赚app是一款好玩又好赚的试玩游戏赚钱的平台。多游赚钱平台准备了超级多优质手游供玩家免费下载，多游赚赚钱方式很简单，多游赚app对于喜欢玩游戏的朋友来说就是一个神器,http://www.pc6.com/pc/shiwanzhuanqapp/2/,暂无
http://www.pc6.com/az/952941.html,新锦海试玩,2021-01-12  ,  10.3M,新锦海试玩app是一款每天花几分钟玩手机就能赚钱的应用，新锦海试玩软件上有超多的试玩任务，做做任务就能享受超高佣金提成，新锦海试玩app邀请好友也能拿奖励,http://www.pc6.com/pc/shiwanzhuanqapp/2/,暂无
http://www.pc6.com/az/957861.html,3分钟能赚1000元的游戏,2021-01-20  ,  28.0M,3分钟能赚1000元的游戏无广告app是一款每天都能掌上享受赚钱乐趣的应用，3分钟能赚1000元的游戏软件里海量红包任务都有，短短几分钟就能轻松赚零花钱,http://www.pc6.com/pc/shiwanzhuanqapp/2/,暂无
http://www.pc6.com/az/948703.html,玩家赚,2021-01-06  ,  14.6M,玩家赚app是一款很讨人喜欢的试玩赚钱应用。玩家赚不仅仅只有好玩的游戏，玩家赚app还有各个版本的国内外热门软件供大家下载，玩家赚非常大方，一天下来赚到的钱是一个很可观的数字,http://www.pc6.com/pc/shiwanzhuanqapp/2/,暂无
http://www.pc6.com/az/949313.html,钱派试玩,2021-01-07  ,  42.8M,钱派试玩app是一款让人印象深刻的试玩赚钱的平台。钱派试玩有专人每天更新最新好玩的游戏或者应用资源，钱派试玩app对于喜欢玩游戏的朋友来说钱派试玩简直就是天堂般的存在,http://www.pc6.com/pc/shiwanzhuanqapp/2/,暂无
http://www.pc6.com/az/950934.html,益玩赚,2021-01-09  ,  21M,益玩赚是一款娱乐性超级棒的玩游戏赢奖励的平台。益玩赚app拥有无数的精品手游资源，益玩赚既可以满足大家玩游戏的需求，同时在边玩益玩赚app的同时边领红包，领红包领到手软,http://www.pc6.com/pc/shiwanzhuanqapp/2/,上海大凡网络科技有限公司
http://www.pc6.com/az/952166.html,哆米任务,2021-01-11  ,  3.0M,哆米任务app是一款可以靠谱的手赚平台，哆米任务app拥有海量的任务，有试玩任务，用户可以完成任务，快速赚钱，哆米任务app的任务简单，用户签到也能完成。,http://www.pc6.com/pc/shiwanzhuanqapp/2/,南京蕴淅网络科技有限公司
http://www.pc6.com/az/936303.html,全国游戏赚钱,2021-01-15  ,  10.3M,全国游戏赚钱app是一款专为学生和宝妈打造的轻松简单玩游戏看视频手机赚钱软件，全国游戏赚钱app汇聚各种靠谱的网上兼职岗位信息，通过全国赚钱软件随时在平台做任务获得相应的报酬。,http://www.pc6.com/pc/shiwanzhuanqapp/2/,山西国化聚德商贸有限公司
http://www.pc6.com/az/953584.html,365赚钱宝,2021-01-14  ,  15M,365赚钱宝app是一款主打游戏试玩赚钱的手机客户端软件，365赚钱宝app与小程序互通，用户可随时登陆365赚钱宝软件领取专属红包奖励，每天签到做任务就可以赚钱。,http://www.pc6.com/pc/shiwanzhuanqapp/2/,暂无
http://www.pc6.com/az/918198.html,星球快赚,2020-11-17  ,  23.9M,星球快赚app是一款边玩游戏边赚钱的优质手赚平台。星球快赚主打试玩游戏赚钱，星球快赚app这里的游戏种类特别多，总能找到你感兴趣的。星球快赚对于喜欢玩游戏的玩家来说就是天堂,http://www.pc6.com/pc/shiwanzhuanqapp/3/,暂无
http://www.pc6.com/az/918950.html,星猫试玩,2020-11-18  ,  24.9M,星猫试玩app是一款都是明码标价的试玩游戏赚钱的平台。星猫试玩无非就是下载并试玩各种游戏或者应用，星猫试玩app操作极其简单，所以不管是男女老少都是可以来星猫试玩赚钱的,http://www.pc6.com/pc/shiwanzhuanqapp/3/,暂无
http://www.pc6.com/az/918268.html,蹦客,2020-11-17  ,  17M,蹦客app是一款拥有超多靠谱安全试玩任务的手机赚钱软件，蹦客app提供试玩游戏、应用、打码、分享、收徒多种赚钱玩法，通过蹦客app随时轻松做任务赚收益。,http://www.pc6.com/pc/shiwanzhuanqapp/3/,暂无
http://www.pc6.com/az/918947.html,吃瓜手赚,2020-11-18  ,  17M,吃瓜手赚app是一款主打试玩赚钱的手机客户端软件，吃瓜手赚app提供丰富多样靠谱安全的正规网赚任务，通过吃瓜手赚软件随时在线轻松做任务赚收益，获取丰厚的佣金。,http://www.pc6.com/pc/shiwanzhuanqapp/3/,暂无
http://www.pc6.com/az/918971.html,核桃赚钱,2020-11-18  ,  12.3M,核桃赚钱app是一款任务多人人都能做的做任务赚钱应用，核桃赚零钱上用户可以自由选择任务，每天在家就能惊喜赚钱，邀请好友加入核桃赚钱app还要收益提成奖励,http://www.pc6.com/pc/shiwanzhuanqapp/3/,暂无
http://www.pc6.com/az/920836.html,生财猫猫,2020-11-20  ,  12.3M,生财猫猫app是一款试玩游戏赚钱的应用，生财猫猫软件赚钱方式多样，选择自己喜欢的在线操作即可赚钱，生财猫猫app上还有海量惊喜等你来开启,http://www.pc6.com/pc/shiwanzhuanqapp/3/,暂无
http://www.pc6.com/az/767933.html,稳赚试玩,2020-11-20  ,  28.5M,稳赚试玩app是一款非常火爆的试玩赚钱平台，稳赚试玩app佣金高，任务简单易操作，下载稳赚试玩app帮助用户们快速的体验全新的赚钱享受,http://www.pc6.com/pc/shiwanzhuanqapp/3/,暂无
http://www.pc6.com/az/923479.html,可乐阅读,2020-11-25  ,  0KB,可乐阅读app是一款非常靠谱给力的免费做任务阅读赚零花手机软件，可乐阅读app提供各种各样的网赚项目，可以可乐阅读平台上试玩游戏、分享转发、点赞推广，获得相应的佣金奖励。,http://www.pc6.com/pc/shiwanzhuanqapp/3/,暂无
http://www.pc6.com/az/922149.html,369小游戏,2020-11-23  ,  34.7M,369小游戏是一款已经得到众多玩家认可的游戏下载试玩赚钱平台。369小游戏软件汇集了各种各样的优质游戏资源，369游戏盒所有的游戏都可以免费下载，试玩369小游戏盒的游戏还有额外奖励,http://www.pc6.com/pc/shiwanzhuanqapp/3/,暂无
http://www.pc6.com/az/927980.html,汼顿试玩,2020-12-02  ,  10.3M,汼顿试玩app是一款在线做赚钱任务的应用，汼顿试玩软件红包多多，只要有时间就能在线玩手机赚钱，汼顿试玩app试玩单价高，每天还有专属红包等你领取,http://www.pc6.com/pc/shiwanzhuanqapp/3/,暂无
http://www.pc6.com/az/918978.html,星球享赚,2020-11-18  ,  23.90G,星球享赚app是一款随时随地想玩就玩的玩游戏赚钱应用。星球享赚这里的游戏资源根据类型进行了分类，用户可以选择星球享赚app你感兴趣的类型游戏下载试玩就能获得相应的佣金,http://www.pc6.com/pc/shiwanzhuanqapp/3/,暂无
http://www.pc6.com/az/921917.html,全国任务联盟,2020-12-01  ,  11KB,全国任务联盟app是一款提供丰富海量网赚项目的悬赏任务平台软件，全国任务联盟app每日上线各种安全靠谱的免费正规手赚任务，铜锅全国任务联盟软件随时在线接单做任务，轻松获得可观收益。,http://www.pc6.com/pc/shiwanzhuanqapp/3/,山西国化聚德商贸有限公司
http://www.pc6.com/az/927680.html,甜喵约玩,2020-12-01  ,  15.8M,甜喵约玩app是一款每天有无数试玩任务的试玩赚钱软件。甜喵约玩汇集了各个类型的应用或者游戏，玩家每下载一个甜喵约玩app的内容就有获得相应红包，累积下来的报酬还是很不错的,http://www.pc6.com/pc/shiwanzhuanqapp/3/,暂无
http://www.pc6.com/az/756140.html,福利游戏,2020-11-23  ,  20KB,福利游戏app是一款试玩游戏赚现金的应用，福利游戏软件注册就能获得金币奖励，通过每日玩经典小游戏还能技能更多的金币，在福利游戏平台用金币换钱一元提现,http://www.pc6.com/pc/shiwanzhuanqapp/3/,上海大凡网络科技有限公司
http://www.pc6.com/az/931272.html,堆堆玩,2020-12-08  ,  17M,堆堆玩app是一款靠谱优质的试玩游戏推广做任务手机赚钱软件，堆堆玩app全新上线了很多可靠正规的试玩项目和推广玩法，通过堆堆玩软件简单轻松操作即可获得丰厚的佣金奖励。,http://www.pc6.com/pc/shiwanzhuanqapp/3/,暂无
http://www.pc6.com/az/929247.html,点点试玩,2020-12-03  ,  10M,点点试玩app是一款单价高任务不断上新的赚钱应用，点点试玩软件上玩玩游戏就能赚钱，每天签到看广告领红包，点点试玩app让你轻松赚点,http://www.pc6.com/pc/shiwanzhuanqapp/3/,暂无
http://www.pc6.com/az/931263.html,小钢盔,2020-12-08  ,  17M,小钢盔app是一款主打游戏试玩收徒推广赚钱的手机软件，小钢盔app满足广大用户指尖轻松做任务的赚钱需求，通过小钢盔软件可随时在线接单试玩赚收益。,http://www.pc6.com/pc/shiwanzhuanqapp/3/,暂无
http://www.pc6.com/az/663807.html,趣试玩,2020-12-12  ,  3.0M,趣试玩app是一款每天都能赚零花钱的客户端应用，趣试玩软件任务多单价高，用户可以按照自己需求选择任务，轻松赚钱，并且在趣试玩app上下载应用都会获取现金奖励,http://www.pc6.com/pc/shiwanzhuanqapp/3/,暂无
http://www.pc6.com/az/928147.html,天王星试玩,2020-12-02  ,  10.3M,天王星试玩app是一款试玩游戏和应用就能赚钱的应用，天王星试玩软件中有超多的福利任务，用户花几分钟就能赚取收益，天王星试玩app收益多多提现快速,http://www.pc6.com/pc/shiwanzhuanqapp/3/,暂无
http://www.pc6.com/az/929491.html,新白白赚,2020-12-04  ,  0KB,新白白赚app是一款全新上线重磅推出的升级版在线接单试玩赚钱手机软件，新白白赚2.0app全新上线了很多靠谱安全优质的兼职网赚项目，通过新白白赚接单平台随时在线赚佣金。,http://www.pc6.com/pc/shiwanzhuanqapp/3/,暂无
http://www.pc6.com/az/934233.html,乐玩社,2020-12-11  ,  6.8M,乐玩社是一款非常受大家喜爱的试玩游戏赚钱的应用。乐玩社app给大家准备了超级多好玩的游戏资源，每试玩一个游戏就能得到可观的收入，乐玩社app对于喜欢玩游戏的朋友来说就是一个神器,http://www.pc6.com/pc/shiwanzhuanqapp/3/,暂无
http://www.pc6.com/az/934511.html,金币小游戏,2020-12-12  ,  17.3M,金币小游戏app是一款玩游戏的同时还能积累金币赚钱的应用，金币小游戏软件中有各种趣味小游戏，玩家每天完成金币小游戏任务不仅能赚钱还能领取游戏礼包精美礼品等等,http://www.pc6.com/pc/shiwanzhuanqapp/3/,厦门玄冰网络科技有限公司
http://www.pc6.com/az/903360.html,明明畅玩,2020-10-25  ,  12.3M,明明畅玩app是一款无充值入口玩游戏还能赚钱的应用，明明畅玩软件提供上百款可以得红包的休闲游戏，一键开局快速赚钱，在明明畅玩app邀好友做试玩任务还能享分佣提成,http://www.pc6.com/pc/shiwanzhuanqapp/4/,暂无
http://www.pc6.com/az/892604.html,悬赏狮,2020-10-09  ,  46.2M,悬赏狮app是一款名声大噪的专业试玩赚钱项目。悬赏狮这里所有的游戏和应用都是绿色安全稳定的，悬赏狮app每试玩一个就有相应报酬，悬赏狮既能免费畅享所有游戏资源还有红包领,http://www.pc6.com/pc/shiwanzhuanqapp/4/,暂无
http://www.pc6.com/az/893146.html,麒麟趣玩,2020-10-10  ,  13.1M,麒麟趣玩app是一款利用空闲时间就能玩手机赚钱的应用，麒麟趣玩软件中拥有海量任务，早起打卡、玩游戏、做任务都能赚钱，利用麒麟趣玩app躺着玩手机就能赚,http://www.pc6.com/pc/shiwanzhuanqapp/4/,齐齐哈尔市川维网络科技有限公司
http://www.pc6.com/az/890765.html,心赚试玩,2020-09-29  ,  0KB,心赚试玩app是一款安全可靠的试玩赚钱，心赚试玩app中有超多试玩任务，用户可以选择合适的试玩任务，轻松完成任务领取奖励，满10元就能提现。,http://www.pc6.com/pc/shiwanzhuanqapp/4/,暂无
http://www.pc6.com/az/893293.html,就爱玩,2020-10-10  ,  15M,就爱玩app是一个通过手机试玩就可以赚钱的软件，就爱玩app可以为用户们带来各种便捷的网赚平台，在就爱玩app里面我们通过试玩就可以赚钱,http://www.pc6.com/pc/shiwanzhuanqapp/4/,暂无
http://www.pc6.com/az/893642.html,赚钱浏览器,2020-10-10  ,  34.2M,赚钱浏览器app是一款每天都能领红包的浏览器应用，赚钱浏览器软件中聚合各大平台资源，一键即可搜索出想要的服务，并且赚钱浏览器app不仅能玩游戏看视频，还有各种福利领不停,http://www.pc6.com/pc/shiwanzhuanqapp/4/,上海丙游信息科技有限公司
http://www.pc6.com/az/897348.html,聚新游,2020-10-15  ,  17M,聚新游App是一款灵活轻松安全靠谱的全新兼职手机赚钱软件，聚新游App提供多种趣味丰富的网赚项目，满足不同用户的网上兼职赚钱需求，试玩，转发，问卷通通有，手机打开聚新游App即可接单赚收益。,http://www.pc6.com/pc/shiwanzhuanqapp/4/,暂无
http://www.pc6.com/az/894025.html,火扑小游戏,2020-10-11  ,  0KB,火扑小游戏红包版是一款趣味休闲免费好玩的游戏赚钱软件，火扑小游戏app提供各种各样的试玩赚钱福利项目，通过火扑小游戏赚钱版发现更多好玩新游，随时随地赚收益领红包。,http://www.pc6.com/pc/shiwanzhuanqapp/4/,暂无
http://www.pc6.com/az/900688.html,血赚试玩,2020-10-20  ,  15.9M,血赚试玩app是一款高回报的玩游戏赢奖励的软件。血赚试玩拥有超级多的游戏资源，用户需要做的就是下载血赚试玩app上的游戏试玩就能赢得相应奖励，血赚试玩既能免费畅享游戏还能赚钱,http://www.pc6.com/pc/shiwanzhuanqapp/4/,暂无
http://www.pc6.com/az/897980.html,坚果试玩,2020-10-16  ,  22.7M,坚果试玩app是一款让人眼前一亮的简单试玩赚钱的应用。坚果试玩app虽然看名字觉得是试玩赚钱的项目，但是其实坚果试玩除了试玩可以赚钱之外，坚果试玩还有多种其他的赚钱方式哦,http://www.pc6.com/pc/shiwanzhuanqapp/4/,北京鲸飞科技有限公司
http://www.pc6.com/az/897692.html,橡果试玩,2020-10-15  ,  15.8M,橡果试玩app是一款24小时边玩游戏边赚钱的试玩赚钱项目。橡果试玩这里汇集了各种各样的热门游戏，每试玩橡果试玩app的游戏就有相应的红包奖励，对于喜欢玩游戏的朋友来说简直就是天堂,http://www.pc6.com/pc/shiwanzhuanqapp/4/,暂无
http://www.pc6.com/az/901966.html,客好赚,2020-10-22  ,  24.8M,客好赚app是一款通过试玩游戏来赚钱的专业手赚应用。客好赚试玩app这里的游戏资源无比的多，客好赚不仅奖励多，而且客好赚app这里的游戏都非常好玩，每完成一个就能得到相应报酬,http://www.pc6.com/pc/shiwanzhuanqapp/4/,暂无
http://www.pc6.com/az/906194.html,冲榜乐,2020-10-28  ,  35.6M,冲榜乐app是一款简单的试玩游戏就能有所收获的试玩赚钱平台。冲榜乐试玩赚钱拥有众多的游戏资源，每试玩冲榜乐app的一个游戏就有相应报酬，玩的游戏越多冲榜乐给的奖赏也越多,http://www.pc6.com/pc/shiwanzhuanqapp/4/,暂无
http://www.pc6.com/az/826856.html,闪挣,2020-10-29  ,  18.5M,闪挣软件是一款接试玩任务赚钱的应用，闪挣app上每天都有海量任务，用户在线找任务赚钱就能获得足够的零花钱，闪挣试玩赚钱没有上限,http://www.pc6.com/pc/shiwanzhuanqapp/4/,暂无
http://www.pc6.com/az/902523.html,试玩小将,2020-10-23  ,  22.6M,试玩小将app是一款有着众多赚钱任务的平台，试玩小将app可以试玩赚钱、可以看视频赚钱，试玩小将可以随时抢红包，在试玩小将每天都能赚钱零花钱,http://www.pc6.com/pc/shiwanzhuanqapp/4/,北京柏荣科技有限公司
http://www.pc6.com/az/907493.html,精灵试玩,2020-10-30  ,  35.1M,精灵试玩app是一款既能玩游戏又有奖赏的试玩赚钱平台。精灵试玩拥有海量游戏资源，精灵试玩app这些游戏都可以免费下载试玩，试玩还有奖励。精灵试玩对于喜欢玩游戏的朋友来说就是天堂,http://www.pc6.com/pc/shiwanzhuanqapp/4/,暂无
http://www.pc6.com/az/908811.html,快赚体验,2020-11-02  ,  34.7M,快赚体验app是一款收益很不错的高收益手赚项目。快赚体验主推的赚钱方式是试玩，不管是试玩应用还是游戏都可以。快赚体验app对于喜欢玩游戏的朋友来说是一个很大的福利了,http://www.pc6.com/pc/shiwanzhuanqapp/4/,暂无
http://www.pc6.com/az/909295.html,快乐玩机红包版,2020-11-02  ,  34.8M,快乐玩机app是一款可以放心大胆来玩的专业试玩赚钱神器。快乐玩机红包版这上面所有的应用或者游戏都经过快乐玩机验证保证都是绿色安全稳定的。快乐玩机只要有手机就能来边玩游戏边赚钱,http://www.pc6.com/pc/shiwanzhuanqapp/4/,暂无
http://www.pc6.com/az/909385.html,微微赚,2020-11-03  ,  17M,微微赚app是一款趣味好玩安全靠谱的全新试玩游戏赚钱软件，微微赚app支持多种任务模式，提供海量的试玩项目，通过微微赚app在线做任务赚佣金，获得丰厚的奖励和收益。,http://www.pc6.com/pc/shiwanzhuanqapp/4/,暂无
http://www.pc6.com/az/917592.html,木鱼试玩,2020-11-16  ,  22.8M,木鱼试玩app是一款一上线就引起众多人关注的试玩赚钱平台。木鱼试玩这里的每一个试玩应用或者游戏下都标有价格，木鱼试玩app玩法也很自由，选择你感兴趣的应用或游戏下载就能赢得这笔钱,http://www.pc6.com/pc/shiwanzhuanqapp/4/,暂无
http://www.pc6.com/az/917611.html,鲨鱼乐园,2020-11-16  ,  21.2M,鲨鱼乐园app是一款总是能带来惊喜的玩游戏赚钱项目。鲨鱼乐园虽然是以玩游戏赚钱为主，但是鲨鱼乐园app除了玩游戏能赚钱以外，邀请好友也可以获得鲨鱼乐园app给出的额外报酬,http://www.pc6.com/pc/shiwanzhuanqapp/4/,暂无
http://www.pc6.com/az/911061.html,金象奖,2020-11-05  ,  19.4M,金象奖app是一款拥有超级多游戏供大家体验的试玩赚钱平台。金象奖展示的游戏类型特别多，用户可以尽情挑选金象奖app你感兴趣的游戏然后下载试玩就行了。这种赚钱方式简直轻松到不行,http://www.pc6.com/pc/shiwanzhuanqapp/4/,暂无
http://www.pc6.com/az/912639.html,海王赚,2020-11-08  ,  12.3M,海王赚app是一款有时间就能做任务赚钱的应用，海王赚钱软件审批快提现快，在家简单做做任务就能获得大量收益，并且在海王赚app收徒也有钱,http://www.pc6.com/pc/shiwanzhuanqapp/4/,暂无
http://www.pc6.com/az/909983.html,大牛试玩,2020-11-03  ,  4.2M,大牛试玩app是一款既游戏资讯与试玩赚钱于一体的软件。大牛试玩能够给每一晚玩家推送国内以及国外最新的游戏资讯报道。除此之外试玩大牛试玩app一个游戏即可带来相对应的现金报酬,http://www.pc6.com/pc/shiwanzhuanqapp/4/,暂无
http://www.pc6.com/az/880917.html,板栗赚,2020-09-15  ,  17M,板栗赚试玩app是一款非常不错的生活服务类手机软件，用户可以通过板栗赚app来进行做任务赚钱，超多试玩任务等你来板栗赚app完成哦！,http://www.pc6.com/pc/shiwanzhuanqapp/5/,暂无
http://www.pc6.com/az/618828.html,王百万,2020-11-15  ,  41.6M,王百万app，让你躺着赚钱的手机软件。在王百万app中每天都有海量的任务，提供网赚咨询服务，旨在让用户们足不出户轻松赚钱,http://www.pc6.com/pc/shiwanzhuanqapp/4/,武汉优上科技有限公司
http://www.pc6.com/az/880829.html,一起来试玩,2020-09-15  ,  14.5M,一起来试玩app是一款靠谱的试玩赚钱软件，一起来试玩app拥有海量的试玩任务，还可以邀请好友赚佣金，你可以每天挤出一点时间在一起来试玩app玩游戏，任务完成就有不错的佣金奖励。,http://www.pc6.com/pc/shiwanzhuanqapp/5/,杭州夏音科技有限公司
http://www.pc6.com/az/877443.html,斑马签到,2020-09-10  ,  20.4M,斑马签到app是一款可以赚钱的签到打卡软件，斑马签到app拥有海量的人物，用户可以每日完成任务进行签到，试玩游戏、看视频，多种模式任你选，斑马签到app，玩手机赚取零花钱,http://www.pc6.com/pc/shiwanzhuanqapp/5/,暂无
http://www.pc6.com/az/878382.html,十万网,2020-09-11  ,  17M,十万网app是一款任务丰富玩法趣味的手机试玩赚钱软件，十万网app提供各种各样很火爆受欢迎的任务项目，可以试玩游戏，测试体验APP，也可以推广做任务，十万网app海量福利和红包佣金等待您的全新解锁。,http://www.pc6.com/pc/shiwanzhuanqapp/5/,暂无
http://www.pc6.com/az/709001.html,多点试玩,2020-09-12  ,  38.0M,多点试玩app是一款试玩应用、小程序、游戏赚钱的客户端应用，多点试玩软件上任务有很多都能自由挑选，按要求完成多点试玩任务即可免费领取奖励，提现也很简单,http://www.pc6.com/pc/shiwanzhuanqapp/5/,北京椰果互动科技有限公司
http://www.pc6.com/az/877885.html,哈密瓜游戏红包版,2020-09-10  ,  7.3M,哈密瓜小游戏红包版app是一款玩转各种趣味小游戏领红包的应用，哈密瓜游戏红包版中各种休闲游戏都有，抖音上好玩的也能在哈密瓜小游戏里找到，玩游戏还有红包,http://www.pc6.com/pc/shiwanzhuanqapp/5/,暂无
http://www.pc6.com/az/879883.html,快赚岛,2020-09-14  ,  15.7M,快赚岛app是一款玩游戏的同时还能赚到钱的试玩手赚应用。快赚岛试玩这里面的试玩游戏特别丰富特别多，快赚岛安卓版能够满足大多数人的游戏需求，同时每试玩快赚岛app一个游戏还有额外奖赏,http://www.pc6.com/pc/shiwanzhuanqapp/5/,暂无
http://www.pc6.com/az/879047.html,极享赚,2020-09-11  ,  15.2M,"极享赚app是一款非常好用的试玩赚钱网赚平台，在极享赚app上我们了可以看到非常多的网赚试玩任务,极享赚app完成即可获得现金红包的奖励,极享赚app非常适合时间比较多的用户",http://www.pc6.com/pc/shiwanzhuanqapp/5/,暂无
http://www.pc6.com/az/882198.html,拼帮兔,2020-09-17  ,  17M,拼帮兔app是一款主打问券调查试玩推广赚钱的手机软件，拼帮兔网赚商城平台提供各种优质精选、安全靠谱、免费正规的赚钱任务，手机打开拼帮兔app只需花费一点时间即可轻松问卷调查，完成可以获得佣金奖励和超级好礼。,http://www.pc6.com/pc/shiwanzhuanqapp/5/,暂无
http://www.pc6.com/az/882137.html,奇跃试玩,2020-09-17  ,  12.5M,奇跃试玩app是一款可以试玩赚钱的手机软件，在奇跃app中，奇跃app会给爱好玩游戏的各位小伙伴提供许许多多的试玩的游戏，只要各位小伙伴达成任务得我数量级就可以获得一定的返利,http://www.pc6.com/pc/shiwanzhuanqapp/5/,暂无
http://www.pc6.com/az/882604.html,有赚试玩,2020-09-17  ,  34.1M,有赚试玩app是一款已经有很多用户成功赚到钱的优质手赚应用。有赚试玩平台这里的赚钱方式除了试玩游戏以外，每天记得来有赚试玩打卡签到也有相应红包奖励，总之能让你赚钱赚不停,http://www.pc6.com/pc/shiwanzhuanqapp/5/,暂无
http://www.pc6.com/az/882701.html,漫乐宝,2020-09-17  ,  10.7M,漫乐宝app是一款拥有多种赚钱方式的手赚平台，漫乐宝app丰富的赚钱任务，注册即可参与，试玩、答题、做任务，用户可以选择喜欢的赚钱方式，天天赚奖励。,http://www.pc6.com/pc/shiwanzhuanqapp/5/,深圳市漫乐游科技有限公司
http://www.pc6.com/az/879641.html,万游赚,2020-09-14  ,  35.2M,万游赚app是一款马上赚钱马上到账的试玩游戏赚钱的手赚应用。万游赚app拥有来自国内国外无数的好玩手游资源。万游赚不仅能给大家带来玩游戏的乐趣，而且还能通过试玩游戏获得收获,http://www.pc6.com/pc/shiwanzhuanqapp/5/,暂无
http://www.pc6.com/az/827320.html,赚钱宝宝,2020-09-20  ,  27.2M,赚钱宝宝app是一款线上找兼职赚钱的应用，赚钱宝宝软件上利用空闲时间就能赚零花钱，兼职任务多收益高，赚钱宝宝让你每天开心赚钱,http://www.pc6.com/pc/shiwanzhuanqapp/5/,深圳毓金智慧科技有限公司
http://www.pc6.com/az/883800.html,无名试客,2020-09-20  ,  17M,无名试客app是一款优质靠靠谱、正规安全的游戏试玩赚钱手机软件，无名试客app免费上线各种试玩游戏和福利活动及网赚项目，手机打开无名试客app即可轻松接单做任务赚收益。,http://www.pc6.com/pc/shiwanzhuanqapp/5/,暂无
http://www.pc6.com/az/883384.html,淘行天下,2020-09-18  ,  17M,淘行天下app是一款任务多、收益高、很安全的做任务赚钱软件，淘行天下抢单平台提供推广分享、试玩点赞、邀请好友、购物抢单多种不同类型的网赚任务，手机打开淘行天下app即可一键接单轻松网赚。,http://www.pc6.com/pc/shiwanzhuanqapp/5/,暂无
http://www.pc6.com/az/884217.html,游购玩,2020-09-21  ,  10.3M,游购玩app是一款试玩小游戏赚钱的应用，游购玩软件中每天都有各种各样的小游戏等你来体验，玩玩游戏就能领红包，在游购玩app中邀请好友加入也能赚钱,http://www.pc6.com/pc/shiwanzhuanqapp/5/,暂无
http://www.pc6.com/az/884852.html,聚家试玩,2020-09-22  ,  56.2M,聚家试玩app是一款一上线就吸引无数人的试玩游戏赚钱软件。聚家试玩app虽然是以试玩游戏为主，但是聚家试玩还有另外一种赚钱方式就是邀请好友，邀请的人数越多得到的收益也会越多,http://www.pc6.com/pc/shiwanzhuanqapp/5/,暂无
http://www.pc6.com/az/886752.html,艺创网,2020-09-24  ,  17M,艺创网app是一款上线各种优质靠谱网赚项目的做任务赚钱软件，艺创网app提供的手赚任务非常轻松，而且单价可观，手艺不错，艺创网app，让您轻松愉快赚钱。,http://www.pc6.com/pc/shiwanzhuanqapp/5/,暂无
http://www.pc6.com/az/877512.html,天天钻聊,2020-09-22  ,  15.2M,天天钻聊app是一款通过试玩热门应用赚钱的客户端，天天钻聊软件上有丰富的任务玩法，玩家每天按要求完成天天钻聊app试玩任务就能获得奖励，轻松月入过千,http://www.pc6.com/pc/shiwanzhuanqapp/5/,暂无
http://www.pc6.com/az/886829.html,玩享赚,2020-09-24  ,  17M,玩享赚app是一款全新趣味靠谱正规的游戏赚钱娱乐手机软件，玩享赚app提供各种热门经典、免费好玩的小游戏，玩家可以点击试玩，边玩游戏边赚收益。玩享赚app，让您轻松赚零花，每天都有收益入账。,http://www.pc6.com/pc/shiwanzhuanqapp/5/,暂无
http://www.pc6.com/az/883811.html,17试客,2020-09-20  ,  17M,17试客试玩app是一款非常安全靠谱正规优质的做任务赚钱软件，17试客试玩安卓版实时更新上线时下非常火爆热门好玩的网赚项目和试玩任务，17试客试玩平台非常适合学生和宝妈在线兼职，轻松赚收益。,http://www.pc6.com/pc/shiwanzhuanqapp/5/,暂无
http://www.pc6.com/az/887381.html,趣赢利,2020-09-25  ,  17M,趣赢利app是一款全新上线任务多多的手机做任务赚钱软件，趣赢利app提供观看视频、试玩游戏、浏览广告、点赞分享诸多网赚项目，通过趣赢利app随时在线接单，完成就可以获得相应的奖励和收益。,http://www.pc6.com/pc/shiwanzhuanqapp/5/,暂无
http://www.pc6.com/az/862179.html,cq9试玩,2020-08-14  ,  46.8M,cq9试玩app是一款奖励让无数人心动不已的试玩游戏赚钱的应用。cq9试玩平台app到处搜罗了各种类型的手游资源，cq9试玩app对于喜欢玩游戏的朋友来说简直就是一个一举两得的神器,http://www.pc6.com/pc/shiwanzhuanqapp/6/,暂无
http://www.pc6.com/az/886630.html,都爱玩,2020-09-24  ,  56.2M,都爱玩app是一款还未上线就吸引无数人的试玩做任务赚钱的神器。都爱玩科技给大家准备了超级多热门的小游戏供大家下载试玩，每下载试玩都爱玩app一个游戏就将获得非常可观的收入,http://www.pc6.com/pc/shiwanzhuanqapp/5/,暂无
http://www.pc6.com/az/717664.html,蚂蚁小咖,2020-08-15  ,  6.4M,蚂蚁小咖app是一款通过安装应用试玩赚钱的客户端应用，蚂蚁小咖软件方便用户利用碎片化时间赚钱，只要短短几分钟就能完成任务获得奖励，蚂蚁小咖收徒还有高额奖励,http://www.pc6.com/pc/shiwanzhuanqapp/6/,厦门云之端信息科技有限公司
http://www.pc6.com/az/766852.html,老虎嗨玩,2020-08-15  ,  21.4M,老虎嗨玩app是一款玩玩游戏就能赚钱的超简单手机赚钱应用。老虎嗨玩app为大家准备了各种类型的手机游戏，在老虎嗨玩app既能玩到好玩的游戏还能通过玩游戏赚到钱哦,http://www.pc6.com/pc/shiwanzhuanqapp/6/,暂无
http://www.pc6.com/az/860354.html,简单试玩,2020-08-11  ,  56.2M,简单试玩赚钱的app是一款轻轻松松就能把钱赚的试玩赚钱软件。简单试玩软件内含海量游戏供大家免费试玩，简单试玩app除了游戏还有很多应用，简单试玩都是明码标价绝无虚假,http://www.pc6.com/pc/shiwanzhuanqapp/6/,暂无
http://www.pc6.com/az/860908.html,首席赚钱,2020-08-12  ,  12.3M,首席赚钱app是一款点点赞玩玩游戏就能赚钱的应用，首席赚钱软件中有很多的赚钱任务，通过简单的试玩游戏就能拿奖励，邀请好友来首席赚钱一起赚钱还有提成,http://www.pc6.com/pc/shiwanzhuanqapp/6/,暂无
http://www.pc6.com/az/860931.html,聚玩宝,2020-08-12  ,  11.3M,聚玩宝app是一款做趣味任务赚现金的应用，聚玩宝赚钱软件拥有丰富的任务奖励玩法，让用户随时娱乐赚钱，聚玩宝最新版还有师徒奖励模式,http://www.pc6.com/pc/shiwanzhuanqapp/6/,暂无
http://www.pc6.com/az/861075.html,全民分红,2020-08-12  ,  17M,全民分红app是一款非常不错的金融理财类手机软件，用户可以在全民分红app上接单做任务赚钱，也可以在全民分红app平台上进行试玩赚钱，多种赚钱方式等你来全民分红app挑战哦！,http://www.pc6.com/pc/shiwanzhuanqapp/6/,暂无
http://www.pc6.com/az/861434.html,蜻蜓多玩,2020-08-13  ,  4.5M,蜻蜓多玩app是一个应用试玩平台，下载蜻蜓多玩apk就能赚钱，玩得越多赚得越多，蜻蜓多玩app支持微信钱包和支付宝提现,http://www.pc6.com/pc/shiwanzhuanqapp/6/,暂无
http://www.pc6.com/az/863650.html,​狐狸淘金,2020-08-17  ,  17M,​狐狸淘金app是一款非常不错的生活服务类手机软件，用户只需要在​狐狸淘金app平台上做任务和进行试玩即可赚钱。感兴趣的小伙伴们快来下载​狐狸淘金app试试吧！,http://www.pc6.com/pc/shiwanzhuanqapp/6/,暂无
http://www.pc6.com/az/863387.html,海马有金,2020-08-17  ,  13M,海马有金app是一款看视频、玩游戏、做任务、走路运动都可以赚钱的手机软件，海马有金app提供多种丰富趣味的网赚项目，满足不同手赚用户的各种赚钱玩法需求，手机打开海马有金app试玩游戏，转发分享就可以轻松获得佣金奖励。,http://www.pc6.com/pc/shiwanzhuanqapp/6/,暂无
http://www.pc6.com/az/863340.html,巨宝试玩,2020-08-17  ,  15.7M,巨宝试玩app是一款给出的报酬还挺高的试玩游戏赚钱的软件。巨宝试玩app通常每天都会给大家整理、更新最新的游戏。用户需要做的就是试玩巨宝试玩app上所有的应用或游戏就能有所收获,http://www.pc6.com/pc/shiwanzhuanqapp/6/,暂无
http://www.pc6.com/az/865875.html,火鸡试玩,2020-08-20  ,  15.8M,火鸡试玩app是一款可以边玩游戏边赚钱的专业手赚项目。火鸡试玩这里给大家准备了超级多好玩的游戏，每下载一个火鸡试玩app的游戏就将获得相应红包奖赏，提现手续也很快，当天申请当天提现,http://www.pc6.com/pc/shiwanzhuanqapp/6/,暂无
http://www.pc6.com/az/863733.html,72星球,2020-08-18  ,  17M,72星球app是一款非常不错的游戏赚钱类手机软件，用户只需要在72星球app上进行挂机即可获取收益。感兴趣的小伙伴们快来下载72星球app试试吧！,http://www.pc6.com/pc/shiwanzhuanqapp/6/,暂无
http://www.pc6.com/az/867152.html,携天下,2020-08-24  ,  17M,携天下app是一款玩法丰富悬赏赚钱的手机软件，携天下app为广大用户提供安全正规靠谱的网赚项目，主打点赞、试玩、转发、推广多种赚钱方式，携天下app提供的手赚任务简单好操作，而且体现秒到账。,http://www.pc6.com/pc/shiwanzhuanqapp/6/,暂无
http://www.pc6.com/az/869335.html,泡泡乐玩,2020-08-27  ,  15.8M,泡泡乐玩app是一款画面清爽萌趣简约的手机赚钱软件，泡泡乐玩app拥有玩游戏、看资讯、看视频、做任务、签到打卡多种赚钱方式，用户可根据自己的喜好进行选择，泡泡乐玩app，让您动动手指就可以体验兼职挣钱带来的快乐。,http://www.pc6.com/pc/shiwanzhuanqapp/6/,海风榭网络科技有限公司
http://www.pc6.com/az/867826.html,多多红包试玩,2020-08-25  ,  17M,多多红包试玩app是一款非常不错的生活服务类手机软件，多多红包试玩任务平台中有着超多的试玩任务等你来完成，感兴趣的小伙伴们快来下载多多红包试玩赚钱软件试试吧！,http://www.pc6.com/pc/shiwanzhuanqapp/6/,暂无
http://www.pc6.com/az/863677.html,老虎试玩,2020-08-17  ,  45.8M,老虎试玩app是一款已经有很多网友成功赚到钱的优质手赚平台。老虎试玩app主打试玩，老虎试玩给大家准备的试玩内容特别特别多，第一次注册老虎试玩app还有丰厚的红包奖励哦,http://www.pc6.com/pc/shiwanzhuanqapp/6/,暂无
http://www.pc6.com/az/863735.html,畅玩吧,2020-08-18  ,  3.9M,畅玩吧app是一款提现无门槛的游戏赚钱应用，畅玩吧软件让你的时间更有价值，新手注册就能每天签到领分红，邀请好友还有188元大红包，并且畅玩吧还有各种热门游戏等你试玩赚钱,http://www.pc6.com/pc/shiwanzhuanqapp/6/,北京畅玩天下网络科技有限公司
http://www.pc6.com/az/870648.html,秒赚大师,2020-08-29  ,  17M,秒赚大师app是一款简单快速赚钱的手机接单兼职做任务软件，秒赚大师试玩app全新上线，用户可进入平台参与项目赚佣金，秒赚大师最新版为广大手赚用户提供海量丰富的网赚项目，只需花费几分钟就可以获得收益，非常简单，安全靠谱。,http://www.pc6.com/pc/shiwanzhuanqapp/6/,暂无
http://www.pc6.com/az/873280.html,玩来玩去,2020-09-03  ,  10.3M,玩来玩去app是一款利用碎片化时间玩游戏赚钱的应用，玩来玩去软件上小游戏超多，一键开局不仅娱乐还能获得收益，玩来玩去app上邀请好友还能享受双倍收益,http://www.pc6.com/pc/shiwanzhuanqapp/6/,杭州弈天网络技术有限公司
http://www.pc6.com/az/819258.html,悠哈,2020-08-31  ,  16.0M,悠哈游戏app是一款上百款休闲小游戏等你来试玩赚钱的应用，悠哈试玩软件任务单价高，不有次数限制，只要你有时间就能在悠哈中试玩游戏赚钱，并且邀请好友加入还有分成奖励,http://www.pc6.com/pc/shiwanzhuanqapp/6/,舟山小男孩信息技术有限公司
http://www.pc6.com/az/835767.html,赏赚,2020-09-02  ,  36.8M,赏赚app是一款好用的手机赚钱软件，赏赚app有海量的网赚任务，包括阅读新闻、试玩、做任务赚钱，用户可以在赏赚app上通过空闲时间选择合适的任务进行赚钱，任务真实有效，可以轻松赚取现金奖励。,http://www.pc6.com/pc/shiwanzhuanqapp/6/,盐城叁叁玖信息科技有限公司
http://www.pc6.com/az/872376.html,UU共享,2020-09-01  ,  12KB,uu共享app是一款做任务的u豆奖励赚钱的应用，uu共享软件旗下有多个共享项目，为用户提供一大流量平台，通过uu共享做任务还能得超多福利，零投资无门槛但有高收入,http://www.pc6.com/pc/shiwanzhuanqapp/6/,暂无
http://www.pc6.com/az/859592.html,喵爱玩,2020-09-02  ,  16.5M,喵爱玩app是一款做手机试玩任务赚钱的应用，喵爱玩软件每天都会更新试玩赚钱的任务，点击立即赚钱就能利用闲时赚零花钱，喵爱玩任务简单奖励丰厚,http://www.pc6.com/pc/shiwanzhuanqapp/6/,杭州趣量科技有限公司
http://www.pc6.com/az/789925.html,欢乐发圈,2020-07-23  ,  0KB,欢乐发圈app是一款躺着就能轻松赚收益的手机赚钱软件，欢乐发圈app全新中重磅上线备受时下网赚用户喜欢的高收益赚钱项目，邀请好友推广分享赚得更多。,http://www.pc6.com/pc/shiwanzhuanqapp/7/,暂无
http://www.pc6.com/az/870808.html,单满满,2020-08-29  ,  11.3M,单满满抢单软件是一款任务种类多试玩就能拿佣金的应用，单满满赚佣金app每天定时更新任务，可根据自己喜好选择赚钱方式，单满满软件让你零花钱满满,http://www.pc6.com/pc/shiwanzhuanqapp/6/,暂无
http://www.pc6.com/az/829542.html,美客小游戏,2020-07-23  ,  37.2M,美客小游戏app是一款汇集超级多优质手游的游戏试玩赚钱平台。美客小游戏app上的游戏类型特别全面，美客小游戏app对于喜欢玩游戏的朋友来说简直是天堂，邀请好友来美客小游戏还有额外奖赏,http://www.pc6.com/pc/shiwanzhuanqapp/7/,暂无
http://www.pc6.com/az/780212.html,趣享游,2020-07-22  ,  60M,趣享游app是一款通过不断试玩游戏来获得收益的试玩赚钱平台。趣享游app为大家准备了众多的好玩游戏，趣享游app既能满足大家玩游戏的需求，同时还能从中获取不少的收获,http://www.pc6.com/pc/shiwanzhuanqapp/7/,暂无
http://www.pc6.com/az/789434.html,小鱼试看,2020-07-22  ,  0KB,小鱼试看app是一款全新上线海量网赚项目的做任务试玩赚钱软件，用户只需利用自己碎片化的时间，简单操作完成任务，就可以赚取一定的收益。,http://www.pc6.com/pc/shiwanzhuanqapp/7/,暂无
http://www.pc6.com/az/737692.html,多宝豆,2020-07-23  ,  12M,"多宝豆app是一款区块链游戏赚钱社区数字游戏平台,让你边玩游戏边赚钱,通过多宝豆app平台游戏的推广就能赚钱收益,获得游戏胜利也能拥有特别的奖励内容,并且还开通了邀请好用和收徒机制,让你与游戏为伍,天天转到零花钱",http://www.pc6.com/pc/shiwanzhuanqapp/7/,暂无
http://www.pc6.com/az/849385.html,乐享玩,2020-07-24  ,  24.2M,乐享玩app是一款刚出来就人气很高的试玩游戏赚钱的软件。乐享玩app为大家整理了超多好玩的手游供大家免费试玩，乐享玩app可以满足很多喜欢玩游戏的朋友的需求，通过乐享玩还能获得很多收益,http://www.pc6.com/pc/shiwanzhuanqapp/7/,暂无
http://www.pc6.com/az/768132.html,橙试客,2020-07-23  ,  60M,橙试客app是一款无需投放任何资金的试玩游戏赚钱的平台。橙试客app拥有超级多的各种手游和应用，点击下载试玩橙试客app的这些游戏就能拥有收入，提现手续也非常简单,http://www.pc6.com/pc/shiwanzhuanqapp/7/,暂无
http://www.pc6.com/az/719137.html,试客管家,2020-07-22  ,  30M,试客管家app是一款十分出色的趣味试玩赚钱平台。试客管家赚钱平台汇集各种各样的手机应用和手机游戏，下载试玩试客管家app的上的应用或游戏就能得到相对应的报酬,http://www.pc6.com/pc/shiwanzhuanqapp/7/,暂无
http://www.pc6.com/az/763618.html,猎豹快玩,2020-07-22  ,  14.8M,猎豹快玩app是一款通过试玩手机游戏来赚钱的优质手赚平台。猎豹快玩app为大家准备了各种类型的手机游戏，你只要完成猎豹快玩app的试玩任务就能获得特别丰厚的奖励,http://www.pc6.com/pc/shiwanzhuanqapp/7/,暂无
http://www.pc6.com/az/804892.html,玩付助手,2020-07-23  ,  60M,玩付助手app是一款天天都可以来赚钱的试玩游戏赚钱的平台。玩付助手app汇集了各种类型的软件和游戏，大家要做的就是下载玩付助手app的软件或游戏就能收获到相对应的价值,http://www.pc6.com/pc/shiwanzhuanqapp/7/,暂无
http://www.pc6.com/az/600873.html,小鸟星球,2020-07-26  ,  16.0M,小鸟星球app是一款拥有6大赚钱模式的客户端应用，小鸟星球手机版颠覆传统玩法，提供试玩、做任务、新闻、挖矿等多种赚钱模式，0成本轻松赚钱，并且满10元就能提现,http://www.pc6.com/pc/shiwanzhuanqapp/7/,暂无
http://www.pc6.com/az/786286.html,全民脉钻,2020-07-23  ,  0KB,全民脉钻app是一款全新重磅推出的手机赚钱软件，全民脉钻app为广大用户提供高收益、多功能、巨好玩的赚钱项目和推广任务，分享试玩，邀请好友，赚的更多。,http://www.pc6.com/pc/shiwanzhuanqapp/7/,暂无
http://www.pc6.com/az/850699.html,分贝试玩,2020-07-27  ,  15.2M,分贝试玩app是一款让大家喜出望外的手机试玩游戏来赚钱的试玩赚钱软件。分贝试玩app上的试玩游戏类型非常齐全，分贝试玩给大家准备了超级多优质手游，来分贝试玩app让赚钱变得更简单,http://www.pc6.com/pc/shiwanzhuanqapp/7/,暂无
http://www.pc6.com/az/850715.html,钱伽兼职,2020-07-27  ,  13KB,钱伽兼职app是一款时下热门的手机兼职赚钱软件，钱伽兼职app提供海量精选优质靠谱的兼职岗位和兼职项目，用户可随时通过钱伽兼职app找到心仪好工作。,http://www.pc6.com/pc/shiwanzhuanqapp/7/,暂无
http://www.pc6.com/az/852453.html,233小游戏赚钱版,2020-07-29  ,  29.7M,233小游戏赚钱版是一款玩游戏能赚零花钱的应用，233小游戏赚钱app满足社交游戏需求的同时，玩游戏还能领现金，233小游戏赚钱版让你享受游戏赚钱时光,http://www.pc6.com/pc/shiwanzhuanqapp/7/,北京展心展力信息科技有限公司
http://www.pc6.com/az/853014.html,众盈试玩,2020-07-30  ,  15.8M,众盈试玩app是一款通过试玩游戏来给你带来收益的高收益赚钱软件。多盈在线试玩app拥有超级多好玩的游戏供大家免费试玩。众盈试玩app既能满足你所有玩游戏的需求，同时众盈试玩还能获得超高回报,http://www.pc6.com/pc/shiwanzhuanqapp/7/,暂无
http://www.pc6.com/az/701232.html,汪仔赚钱,2020-07-20  ,  60M,汪仔赚钱软件是一款碎片化时间玩手机赚钱应用，汪仔赚钱app任务单价1.5元起，随便做几个试玩任务就能轻松赚钱，并且汪仔赚钱软件还有收徒赚钱任务,http://www.pc6.com/pc/shiwanzhuanqapp/8/,暂无
http://www.pc6.com/az/851399.html,非凡任务,2020-07-28  ,  23M,非凡任务app是一款玩游戏赚金币的趣味娱乐手机赚钱软件，非凡任务赚钱平台每天更新各种好玩的新游和热游，玩家可以随时进入非凡任务app进行试玩。,http://www.pc6.com/pc/shiwanzhuanqapp/7/,暂无
http://www.pc6.com/az/702660.html,咪赚典,2020-07-20  ,  30M,咪赚典app是一款全新上市的手机赚钱软件，在这里你可以使用咪赚典软件更好的进行任务赚钱服务，同时咪赚典软件里还具有海量任务，你可以更好进行领取，完成既有奖励。任务简单便捷，躺在家进行推广就可以，有需要的朋友赶紧加入我们吧,http://www.pc6.com/pc/shiwanzhuanqapp/8/,暂无
http://www.pc6.com/az/702674.html,咋赚,2020-07-20  ,  30M,咋赚app是一款让你每月轻松多赚千元的试玩赚钱应用，咋赚试玩软件上会有各色各样的试玩任务，每个任务都有详细的资金信息，完成后就能拿到钱，咋赚一元就能提现,http://www.pc6.com/pc/shiwanzhuanqapp/8/,暂无
http://www.pc6.com/az/757591.html,赚钢镚,2020-07-20  ,  10.3M,赚钢镚app是一款多元化玩转试玩任务赚钱的应用，赚钢镚软件中用户每日通过简单的做任务就有红包，想赚的更多可以多领取任务，完成赚钢镚任务就能赚钱,http://www.pc6.com/pc/shiwanzhuanqapp/8/,暂无
http://www.pc6.com/az/852277.html,亿克拉,2020-07-29  ,  13M,亿克拉app是一款兼职岗位多样试玩任务海量的手机赚钱软件，通过亿克拉app选择自己喜欢的网赚项目，简单轻松操作，无需花费太多时间，轻松赚零花。,http://www.pc6.com/pc/shiwanzhuanqapp/7/,暂无
http://www.pc6.com/az/764893.html,闲鱼农场,2020-07-20  ,  14.8M,闲鱼农场app是一款通过试玩游戏来赚钱的轻松简单赚钱平台。闲鱼农场app拥有各种类型的手游供大家免费下载试玩，闲鱼农场app既能满足玩游戏的乐趣还能顺便赚点小钱,http://www.pc6.com/pc/shiwanzhuanqapp/8/,暂无
http://www.pc6.com/az/850707.html,分贝赚钱,2020-07-27  ,  15.2M,分贝赚钱app是一款每天连续签到还有红包领的签到试玩赚钱的平台。分贝赚钱app包含试玩游戏赚钱、签到赚钱、填调查问卷赚钱等，分贝赚钱签到也有惊喜，手气好的话就能领到分贝赚钱超大红包,http://www.pc6.com/pc/shiwanzhuanqapp/7/,暂无
http://www.pc6.com/az/707083.html,疯狂赚钱,2020-07-21  ,  26.3M,疯狂赚钱app是一款玩小游戏赚钱的客户端应用，疯狂赚钱软件让想在家玩手机赚钱的用户可以寻找到舒适的赚钱方式，各种兼职任务全都有，并且疯狂赚钱app还不定期提供福利,http://www.pc6.com/pc/shiwanzhuanqapp/8/,暂无
http://www.pc6.com/az/724167.html,Bala快赚,2020-07-20  ,  60M,Bala快赚app是一款手机上试玩小游戏就能赚钱的客户端应用，Bala快赚试玩软件中有海量新鲜好玩的小游戏任务，用户可以根据单价选择Bala快赚试玩任务，简单好玩,http://www.pc6.com/pc/shiwanzhuanqapp/8/,暂无
http://www.pc6.com/az/835166.html,拾金,2020-07-21  ,  28.3M,拾金app是一款简单做任务试玩就可以获得收益的手机赚钱软件，用户可随时进入拾金app选择自己喜欢的网赚项目，可以看视频、转发分享、试玩项目，或者成为悬赏主发布任务，只需打开悬赏主简单操作即可轻松赚零花。,http://www.pc6.com/pc/shiwanzhuanqapp/8/,拾金
http://www.pc6.com/az/852596.html,小试联盟,2020-07-29  ,  13.0M,小试联盟app是一款通过完成试玩任务得零花钱的应用，小试联盟软件中每天都有游戏任务等着你，在小试联盟上玩玩游戏就能领取奖励,http://www.pc6.com/pc/shiwanzhuanqapp/7/,暂无
http://www.pc6.com/az/695600.html,应用喵,2020-07-21  ,  13.9M,应用喵软件是一款无需投入任何资金的手机赚钱平台。应用喵试玩app下载注册登录就有好礼相送，每天登录应用喵软件完成试玩应用和游戏任务就能获得相对应的现金奖励,http://www.pc6.com/pc/shiwanzhuanqapp/8/,暂无
http://www.pc6.com/az/727148.html,aso321,2020-07-21  ,  10.3M,aso321试玩平台app是一款无成本单价高的试玩赚钱应用，aso321试玩网软件网罗全网优质项目，通过简单试玩就能实现躺赚，aso321上邀请好友试玩也会有大量奖励,http://www.pc6.com/pc/shiwanzhuanqapp/8/,暂无
http://www.pc6.com/az/722806.html,手玩宝,2020-07-21  ,  11.3M,手玩宝app是一款让用户在闲暇时间也能轻松享受赚钱乐趣的客户端应用，手玩宝试玩软件提供有超丰富的试玩任务，用户可以自由选择，手玩宝试玩赚钱福利非常的多,http://www.pc6.com/pc/shiwanzhuanqapp/8/,暂无
http://www.pc6.com/az/739783.html,闪米赚钱,2020-07-21  ,  0KB,闪米赚钱app是一款非常简单的试玩赚钱平台，新用户注册就可以免费获得5元的现金红包，同时闪米赚钱app中还可以邀请自己的好友，也是有奖励可以获取的，提现也是非常的方便，直接提现到支付宝就可以了，轻轻松松就能赚到不少的零花钱,http://www.pc6.com/pc/shiwanzhuanqapp/8/,暂无
http://www.pc6.com/az/727852.html,爱宝中队,2020-07-21  ,  14.7M,爱宝中队app试玩是一款只需一步手机就能赚钱的轻松赚钱软件。爱宝中队兼职app没有什么门槛，只要有一部手机人人都可以来爱宝中队app试玩通过完成任务去赚钱，奖励很丰厚,http://www.pc6.com/pc/shiwanzhuanqapp/8/,暂无
http://www.pc6.com/az/731151.html,332小游戏,2020-07-21  ,  20.3M,332小游戏app是一款玩休闲小游戏赚钱的客户端应用，332小游戏软件每天都会更新休闲小游戏，用户不仅可以直接真人匹配玩游戏，还能在332小游戏中自由挑选游戏进行推广赚钱,http://www.pc6.com/pc/shiwanzhuanqapp/8/,暂无
http://www.pc6.com/az/729268.html,大众红包,2020-07-21  ,  10.4M,大众红包app是一款在线通过试玩抢红包赚钱的客户端应用，大众红包软件中有很多的试玩小游戏和应用，完成任务就能获得金币奖励，大众红包上的金币可以兑换现金,http://www.pc6.com/pc/shiwanzhuanqapp/8/,暂无
http://www.pc6.com/az/751417.html,小鸟赚钱,2020-07-21  ,  10.3M,小鸟赚钱app是一款试玩各种新应用在线赚钱的应用，小鸟赚钱官方每日更新任务，通过试玩任务、看新闻、视频都能赚的小鸟币，并且在小鸟赚钱收徒还能持续拿分红,http://www.pc6.com/pc/shiwanzhuanqapp/8/,暂无
http://www.pc6.com/az/846265.html,钱大师,2020-07-20  ,  25.1M,钱大师试玩是一款天天都有得赚的掌上试玩做任务快速赚钱的神器。钱大师app别小看这些赚钱任务，虽然钱大师试玩app一个赚钱任务钱确实不是特别多，但是钱大师试玩奖励积累起来还是很可观的,http://www.pc6.com/pc/shiwanzhuanqapp/9/,暂无
http://www.pc6.com/az/772655.html,微赚财宝,2020-07-21  ,  10.3M,微赚财宝app是一款每天玩转应用领现金红包的试玩赚钱平台，微赚财宝软件上不需要缴纳押金，注册就能领取任务开始赚钱，微赚财宝任务多奖励多，提现也很快,http://www.pc6.com/pc/shiwanzhuanqapp/8/,暂无
http://www.pc6.com/az/768257.html,吃瓜试玩,2020-07-20  ,  0KB,吃瓜试玩app是一款试玩赚钱应用。吃瓜试玩app试玩专区任务单价0、8元，每天下午四点大量任务准时上线，轻松日赚几十元，支持微信方式提现,http://www.pc6.com/pc/shiwanzhuanqapp/9/,暂无
http://www.pc6.com/az/791981.html,胖虎试玩,2020-07-20  ,  25.4M,胖虎试玩app是一款拥有超多好玩游戏等你来试玩的试玩赚钱平台。胖虎试玩app上的6游戏都是万里挑一的，每试玩胖虎试玩app的一个游戏就能得到相对应的丰厚报酬收入哦,http://www.pc6.com/pc/shiwanzhuanqapp/9/,暂无
http://www.pc6.com/az/845930.html,米好赚,2020-07-20  ,  11.4M,米好赚app是一款完成任务的金币兑现金红包的应用，米好赚软件上每天只需要花一点点时间玩玩游戏就能赚钱，米好赚app玩法轻松注册就能领取大红包,http://www.pc6.com/pc/shiwanzhuanqapp/9/,暂无
http://www.pc6.com/az/719400.html,小象试玩,2020-07-20  ,  20.3M,小象试玩app是一款简单易上手的试玩赚钱应用，小象试玩软件中玩游戏就能获得高额奖励，通过专属收徒链接收徒还能邀请好友获红包，小象试玩赚钱模式多赚钱快,http://www.pc6.com/pc/shiwanzhuanqapp/9/,暂无
http://www.pc6.com/az/762264.html,小豆试玩,2020-07-20  ,  12.3M,小豆试玩app是一款靠谱的手机赚钱神器，小豆试玩v2.0安卓版里每日都提供了超多任务，小豆试玩app用户只需要下载安装游戏试玩几分钟即可领取佣金，邀请好友、收徒弟都可以获取佣金，一元即可提现，边玩游戏边赚钱,http://www.pc6.com/pc/shiwanzhuanqapp/9/,暂无
http://www.pc6.com/az/761308.html,小兔豪试玩,2020-07-20  ,  0KB,小兔豪试玩app，非常好用的一款手机试玩赚收益软件，里面有非常多的试玩任务，在里面赚零花钱非常的快速。各种各样的赚收益方法也都是很不错的，喜欢网赚的朋友快来下载一起赚吧,http://www.pc6.com/pc/shiwanzhuanqapp/9/,暂无
http://www.pc6.com/az/648359.html,火箭试玩,2020-07-20  ,  14.8M,火箭试玩app官方版是一款既有趣又能赚钱的手赚应用。火箭试玩app每天都会为大家更新最新的赚钱任务，大家只需在火箭试玩app官方版下载试玩应用就能获得相应的现金报酬,http://www.pc6.com/pc/shiwanzhuanqapp/9/,暂无
http://www.pc6.com/az/689477.html,小明赚钱,2020-07-18  ,  9.5M,小明赚钱app是一款试玩应用赚钱的应用，小明赚钱软件上试玩应用就会获得现金奖励，每次试玩都会有高额奖励，利用空闲时间轻松赚零花钱，并且小明赚钱分享好友完成任务也会获得佣金,http://www.pc6.com/pc/shiwanzhuanqapp/9/,暂无
http://www.pc6.com/az/677979.html,蜜蜂试玩,2020-07-20  ,  13.8M,蜜蜂试玩app是一款随随便便轻轻松松就能赚钱的软件。蜜蜂试玩2019每天都会为大家更新最新的赚钱任务，在蜜蜂试玩app上汇集了各种各样的应用和游戏，通过试玩就能获得报酬,http://www.pc6.com/pc/shiwanzhuanqapp/9/,暂无
http://www.pc6.com/az/736942.html,花果山试玩,2020-07-20  ,  0KB,花果山试玩app是一款小伙伴们可以线上通过试玩来赚钱的应用软件，小伙伴们在花果山试玩app中可以轻松的完成任务获得奖励，当用户获得一定数量的金币时就可以进行提现，同时小伙伴们还可以邀请好友一起来赚钱哦,http://www.pc6.com/pc/shiwanzhuanqapp/9/,暂无
http://www.pc6.com/az/714170.html,鱼儿赚,2020-07-20  ,  20.3M,鱼儿赚app是一款赚钱简单易上手的客户端应用，鱼儿赚软件适合空闲时间比较多的用户，短时间内就能轻松赚钱，鱼儿赚每天都有很多的任务供用户选择试玩赚钱,http://www.pc6.com/pc/shiwanzhuanqapp/9/,暂无
http://www.pc6.com/az/714300.html,试玩基地,2020-07-20  ,  20.3M,试玩基地app是一款优质赚钱的客户端应用，试玩基地软件让用户真真切切轻松赚钱，专为新人定制了赚钱小秘籍，任务多操作简单，试玩基地还能邀请好友一起玩赚,http://www.pc6.com/pc/shiwanzhuanqapp/9/,暂无
http://www.pc6.com/az/781468.html,赚头试玩,2020-07-20  ,  14.8M,赚头试玩app是一款既能一边玩游戏还能得奖励的手机试玩赚钱平台。赚头试玩app门槛非常低，只要有手机不管男女老少都可以来赚头试玩app试玩游戏赚钱，一天下来几十块很容易！,http://www.pc6.com/pc/shiwanzhuanqapp/9/,暂无
http://www.pc6.com/az/712627.html,小黄人试玩,2020-07-20  ,  3.0M,小黄人试玩app是一款有趣的玩手机赚钱应用，小黄人试玩软件有多种任务类型可以自由选择完成，每一单都有超高的佣金，最重要的是小黄人试玩做任务无上限,http://www.pc6.com/pc/shiwanzhuanqapp/9/,暂无
http://www.pc6.com/az/693131.html,飞镖试玩,2020-07-20  ,  14.8M,飞镖试玩app是一款门槛非常低的热门手机赚钱平台。飞镖试玩赚钱软件拥有超级多的各种应用和游戏，你每天需要做的就是登陆飞镖试玩最新版试玩各种应用就能赚钱啦,http://www.pc6.com/pc/shiwanzhuanqapp/9/,暂无
http://www.pc6.com/az/713451.html,试玩狮,2020-07-20  ,  0KB,试玩狮app是一款针对喜欢了解多种手赚的用户带来的全新试玩平台，试玩狮app上面丰富化的赚钱模块，全新的网赚资讯，都等着你们的到来，想了解更多网赚产品的用户朋友们还在等什么？点击下载试玩狮app来试试看吧,http://www.pc6.com/pc/shiwanzhuanqapp/9/,暂无
http://www.pc6.com/az/725434.html,爱钱试玩,2020-07-20  ,  14.8M,爱钱试玩平台是一款边玩游戏还能边赚钱的试玩游戏赚钱软件。爱钱试玩app为了让大家玩的更过瘾，imoney爱钱试玩上的游戏都是在国内以及国外最热门的游戏，而且还能赚钱,http://www.pc6.com/pc/shiwanzhuanqapp/9/,暂无
http://www.pc6.com/az/723682.html,我要试玩,2020-07-20  ,  10.4M,我要试玩app是一款收益非常可观的试玩赚钱应用，我要试玩软件让用户合理利用空闲时间赚钱，只需每天完成试玩任务就能轻松赚钱，我要试玩游戏趣味多，福利满满,http://www.pc6.com/pc/shiwanzhuanqapp/9/,暂无
http://www.pc6.com/az/708468.html,多多试玩,2020-07-20  ,  23.8M,多多试玩app是一款非常神奇的手机试玩游戏来赚钱的平台。多多试玩平台之所以能在市场上这么多的试玩赚钱软件中脱颖而出是因为多多试玩app的奖励还是比较丰厚的，值得一玩,http://www.pc6.com/pc/shiwanzhuanqapp/9/,暂无
http://www.pc6.com/az/725379.html,旺仔试玩,2020-07-20  ,  10.6M,旺仔试玩app是一款拥有足够吸引力的试玩游戏来赚钱的平台。旺仔试玩软件上面的手机游戏非常丰富。对于喜欢玩游戏的朋友来说旺仔试玩app简直就是一个两全其美的机会,http://www.pc6.com/pc/shiwanzhuanqapp/9/,暂无
http://www.pc6.com/az/710185.html,量试玩,2020-07-20  ,  10.2M,量试玩app是一款收益高任务丰富的试玩赚钱应用，量试玩软件上花几分钟就能完成高额任务拿佣金，就算没时间试玩也能通过每日签到赚钱，量试玩上收徒该有更多奖励,http://www.pc6.com/pc/shiwanzhuanqapp/9/,暂无
http://www.pc6.com/az/727519.html,金猫试玩,2020-07-15  ,  10.1M,金猫试玩app是一款轻松试玩赚零花钱的客户端应用，金猫试玩软件有超多试玩任务等待用户完成，用户随时可以查看当天收益，金猫试玩app提现简单到账快,http://www.pc6.com/pc/shiwanzhuanqapp/10/,暂无
http://www.pc6.com/az/729068.html,金猪试玩,2020-07-15  ,  10.3M,金猪试玩app是一款试玩简单游戏任务赚钱的客户端应用，金猪试玩软件每个任务都是明码标价的，不受时间空间限制，随时都能在线赚钱，并且金猪试玩拥有超多提现方式，到账速度非常快,http://www.pc6.com/pc/shiwanzhuanqapp/10/,暂无
http://www.pc6.com/az/726707.html,贝也试玩,2020-07-15  ,  13.0M,贝也试玩app是一款利用碎片化时间试玩游戏赚钱的客户端应用，贝也试玩软件任务多奖励多，每天都会自动更新海量的任务，邀请好友玩贝也试玩还有佣金提成,http://www.pc6.com/pc/shiwanzhuanqapp/10/,暂无
http://www.pc6.com/az/726927.html,松鼠试玩,2020-07-15  ,  10.2M,松鼠试玩app是一款每天玩不同类型的小游戏就能赚钱的客户端应用，松鼠试玩软件实时刷新任务，用户每天都能在线找到好玩的开始赚钱之路，松鼠试玩奖励多收益高,http://www.pc6.com/pc/shiwanzhuanqapp/10/,暂无
http://www.pc6.com/az/728943.html,我爱试玩,2020-07-15  ,  10.3M,我爱试玩app是一款做任务无上限的试玩赚钱应用，我爱试玩软件中用户可以在大厅板块中选择感兴趣的游戏在线试玩游戏赚钱，并且在我爱试玩邀请好友越多赚得也越多,http://www.pc6.com/pc/shiwanzhuanqapp/10/,暂无
http://www.pc6.com/az/728610.html,果粉赚,2020-07-15  ,  4.6M,果粉赚试玩app是一款花式体验赚钱乐趣的客户端应用，果粉赚钱软件中有超多趣味任务选择，用户只要完成任务就能轻松拿到佣金，并且果粉赚试玩app10元即可申请提现,http://www.pc6.com/pc/shiwanzhuanqapp/10/,暂无
http://www.pc6.com/az/727813.html,九龙试玩,2020-07-15  ,  10.3M,九龙试玩app是一款每天花3分钟试玩游戏就能赚钱的客户端应用，九龙试玩软件每个任务的单价都很高，注册就能领取现金，九龙试玩每天不断更新任务，轻松月入千元不是问题,http://www.pc6.com/pc/shiwanzhuanqapp/10/,暂无
http://www.pc6.com/az/726003.html,饭宝试玩,2020-07-15  ,  4.6M,饭宝试玩app是一款完成试玩游戏任务赚钱的客户端应用，饭宝试玩软件中每天花一点点时间就能赚取零花钱，饭宝试玩app赚钱模式多，用户想做什么任务都有,http://www.pc6.com/pc/shiwanzhuanqapp/10/,暂无
http://www.pc6.com/az/728687.html,来玩赚,2020-07-15  ,  20.4M,来玩赚app是一款通过做简单任务赚钱的客户端应用，来玩赚软件中有超多有趣的小游戏，玩玩手机就有现金可以领取，来玩赚任务多，操作简单，并且奖励非常高,http://www.pc6.com/pc/shiwanzhuanqapp/10/,暂无
http://www.pc6.com/az/843791.html,有钱,2020-07-15  ,  2.8M,有钱app是一款在掌上领取任务赚零花钱的应用，有钱软件让用户可以利用各种闲时玩玩手机赚钱，任务简单更新快，并且有钱支持提现到各大平台，门槛非常低,http://www.pc6.com/pc/shiwanzhuanqapp/10/,厦门双子网络科技有限公司
http://www.pc6.com/az/725700.html,欢乐赚金,2020-07-15  ,  10.3M,欢乐赚金app是一款奖励丰厚的做任务赚钱应用，欢乐赚金软件让用户在无聊时可以通过做任务赚零花钱，不浪费闲暇时光，各种游戏任务、视频任务、试玩任务欢乐赚金上统统都有,http://www.pc6.com/pc/shiwanzhuanqapp/10/,暂无
http://www.pc6.com/az/720888.html,多多趣赚,2020-07-16  ,  20.3M,多多趣赚app是一款通过简单试玩就能赚钱的客户端应用，多多趣赚软件上任务多，只要有时间就能快速参与进行试玩游戏赚钱，多多趣赚不仅提供现金奖励还有各种实物奖品可以兑换,http://www.pc6.com/pc/shiwanzhuanqapp/10/,暂无
http://www.pc6.com/az/844472.html,好乐赚,2020-07-16  ,  9M,好乐赚app官方是一款让人难以忘怀的游戏挂机赚钱的平台。好乐赚app门槛贼低，就算是老人和小孩也能玩。而且好乐赚app官方特别简单，好乐赚app官方做一单只需花几分钟的时间就能完成,http://www.pc6.com/pc/shiwanzhuanqapp/10/,暂无
http://www.pc6.com/az/720896.html,华夏手赚,2020-07-16  ,  10.3M,华夏手赚app是一款明码标价手赚任务的客户端应用，华夏手赚软件参与任务轻松赚钱，时间自由，任何用户都能快速在线做任务赚钱，华夏手赚提现也很简单,http://www.pc6.com/pc/shiwanzhuanqapp/10/,暂无
http://www.pc6.com/az/720709.html,黑八试玩,2020-07-16  ,  20.3M,黑八试玩app是一款融合多种赚钱方式的在线赚钱客户端应用，黑八试玩软件任务多玩法有趣，还有专门为新人定制的任务玩法，黑八试玩帮助用户轻松得红包,http://www.pc6.com/pc/shiwanzhuanqapp/10/,暂无
http://www.pc6.com/az/845460.html,唤龙精玩,2020-07-17  ,  13M,唤龙精玩app是一款各种热门最新游戏应有尽有的试玩赚钱软件，唤龙精玩试玩平台内拥有大量的游戏，大家可以选择自己喜欢的试玩游戏即可赚佣金，手机打开唤龙精玩app，一边免费玩游戏，一边赚零花，非常惬意。,http://www.pc6.com/pc/shiwanzhuanqapp/10/,暂无
http://www.pc6.com/az/700490.html,顽狮试玩,2020-07-18  ,  20.6M,顽狮试玩app是一款任务单价高的试玩赚钱应用，顽狮试玩官方版上新用户注册就能领取现金红包，每天会发布上千个试玩任务，活动多佣金高，顽狮试玩app上收徒也能有钱,http://www.pc6.com/pc/shiwanzhuanqapp/10/,暂无
http://www.pc6.com/az/699903.html,转圈圈赚钱,2020-07-18  ,  20.3M,转圈圈赚钱软件是一款任务丰富操作简单的手赚客户端应用，转圈圈赚钱app包含阅读、试玩、分享等多种赚钱模式，用户可以自由利用碎片化时间选择任务赚钱，转圈圈赚钱软件不仅好玩收益也很丰富,http://www.pc6.com/pc/shiwanzhuanqapp/10/,暂无
http://www.pc6.com/az/718694.html,试玩超人,2020-07-16  ,  10.3M,试玩超人插件是一款试玩新游就有钱拿的客户端应用，试玩超人软件聚合多种赚钱模式，让用户可以自由选择赚钱项目躺着玩手机赚钱，试玩超人游戏多酬金多,http://www.pc6.com/pc/shiwanzhuanqapp/10/,暂无
http://www.pc6.com/az/717787.html,神起九游,2020-07-17  ,  10.2M,神起九游app是一款实现轻松赚钱梦的客户端应用，神起九游软件上有海量游戏试玩任务，用户在悬赏大厅中可以发现新游公测任务，神起九游不仅能玩游戏还能赚钱,http://www.pc6.com/pc/shiwanzhuanqapp/10/,暂无
http://www.pc6.com/az/700511.html,爱搜懒人领钱,2020-07-18  ,  5.4M,爱搜懒人赚钱app是一款体积小任务多的试玩赚钱应用，爱搜懒人领钱软件上有海量试玩任务，用户只要有时间就能根据试玩佣金选择任务赚钱，爱搜懒人赚钱还有截图赚钱、注册赚等多种模式,http://www.pc6.com/pc/shiwanzhuanqapp/10/,暂无
http://www.pc6.com/az/719981.html,欢乐蘑菇试玩,2020-07-16  ,  10.2M,欢乐蘑菇试玩app是一款任务单价高的试玩赚钱客户端应用，欢乐蘑菇试玩软件每个任务可获取的佣金都不一样，一元即可提现，欢乐蘑菇试玩轻松玩轻松赚,http://www.pc6.com/pc/shiwanzhuanqapp/10/,暂无
http://www.pc6.com/az/745762.html,喵喵试玩,2020-07-09  ,  10.9M,喵喵试玩app是一款成本低试玩各类游戏就能赚零花钱的客户端应用，喵喵试玩软件中新手注册就有各种奖励，并且通过日常试玩游戏，推广喵喵试玩app收徒也有现金可以领取,http://www.pc6.com/pc/shiwanzhuanqapp/11/,暂无
http://www.pc6.com/az/781914.html,玩赚未来,2020-07-09  ,  9.3M,玩赚未来app是一款利用几分钟时间试玩赚钱的应用，玩赚未来软件每天下午更新任务，用户做任务后即可拆红包，并且邀请好友玩玩赚未来还能直接赚20元,http://www.pc6.com/pc/shiwanzhuanqapp/11/,暂无
http://www.pc6.com/az/694817.html,趣游,2020-07-09  ,  3.2M,趣游app是一款掌上简单玩游戏赚钱的客户端应用，趣游游戏赚钱软件每天都会更新海量任务，用户可以根据任务类型，佣金大小选择任务开始赚钱，趣游玩法多赚钱任务丰富,http://www.pc6.com/pc/shiwanzhuanqapp/11/,暂无
http://www.pc6.com/az/838847.html,点点盒子,2020-07-08  ,  13M,点点盒子app是一款周期短收益高的游戏试玩做任务手机赚钱软件，用户可随时随地打开点点盒子app在线试玩各种新手和热门手游，还可进行理财产品的投资，点点盒子app支持十元提现，立马到微信账户。,http://www.pc6.com/pc/shiwanzhuanqapp/11/,暂无
http://www.pc6.com/az/839501.html,游趣赚,2020-07-09  ,  13M,游趣赚app是一款玩法丰富趣味任务海量好玩的手机赚钱软件，用户可随时进入游趣赚app首页选择任务去完成，可以做调查问卷，分享推广产品，或者是试玩各种游戏，就可以轻松赚收益。,http://www.pc6.com/pc/shiwanzhuanqapp/11/,暂无
http://www.pc6.com/az/841363.html,刷米,2020-07-12  ,  12M,刷米app是一款简单做任务项目很丰富的手机试玩赚钱软件，刷米app网赚平台上面涵盖了备受手赚用户喜欢和期待的海量赚钱任务，用户打开刷米app即可领任务赚收益。,http://www.pc6.com/pc/shiwanzhuanqapp/11/,暂无
http://www.pc6.com/az/840544.html,傲游三界,2020-07-10  ,  0KB,傲游三界app是一款好玩的手机试玩赚钱软件，傲游三界app功能强大，安全可靠，软件里有很多试玩游戏，用户可以选择游戏进行试玩赚钱，边玩游戏还能赚取奖励，一举两得。,http://www.pc6.com/pc/shiwanzhuanqapp/11/,暂无
http://www.pc6.com/az/841784.html,i元宝试玩,2020-07-13  ,  10.4M,i元宝试玩平台是一款玩法丰富的试玩赚钱应用，i元宝app让有手机的用户利用闲时就能完成任务赚钱，i元宝试玩平台每天都有海量赚钱任务，短短几分钟就能赚到钱,http://www.pc6.com/pc/shiwanzhuanqapp/11/,暂无
http://www.pc6.com/az/841794.html,钱牛试玩,2020-07-13  ,  9.2M,钱牛试玩软件是一款每天试玩新应用就能躺赚的应用，钱牛试玩app下载就能领现金红包，自己不仅能做兼职赚钱，邀请好友来钱牛试玩也能拿佣金，提现速度很快,http://www.pc6.com/pc/shiwanzhuanqapp/11/,暂无
http://www.pc6.com/az/840213.html,分红平台,2020-07-10  ,  13M,分红平台app是一款全新上线趣味好玩的微信挂机手机赚钱软件，通过分红平台app在线试玩各种新游和人气爆款手游，领取任务试玩游戏即可赚取佣金，分红平台app每天公布排行榜游戏，让你一次玩的过瘾，轻松赚奖励。,http://www.pc6.com/pc/shiwanzhuanqapp/11/,暂无
http://www.pc6.com/az/841861.html,仓鼠赚钱,2020-07-13  ,  13.5M,仓鼠赚钱app是一款玩游戏看资讯赚钱的应用，仓鼠赚钱最新版软件聚合多种娱乐模式，用户完成可以自由选择赚钱任务，并且仓鼠赚钱游戏软件佣金到账速度快,http://www.pc6.com/pc/shiwanzhuanqapp/11/,暂无
http://www.pc6.com/az/841808.html,锦鲤试玩,2020-07-13  ,  24.3M,锦鲤试玩app是一款每天都能摇红包的网赚应用，锦鲤试玩官方软件有超多赚钱福利活动，用户在线领取做任务就能赚钱，并且锦鲤试玩赚钱轻松，不定时还有大额红包可以抢,http://www.pc6.com/pc/shiwanzhuanqapp/11/,暂无
http://www.pc6.com/az/710575.html,西瓜试玩,2020-07-14  ,  20.3M,西瓜试玩app是一款闪电做任务赚钱的客户端应用，西瓜试玩软件让用户掌上试玩简单的应用就能拿到高额奖励，西瓜试玩任务多奖励高，提现方式也非常灵活,http://www.pc6.com/pc/shiwanzhuanqapp/11/,暂无
http://www.pc6.com/az/842543.html,云派挂机,2020-07-14  ,  13M,云派挂机app是一款自动挂机微信赚钱的手机软件，通过云派挂机app在线轻松选择任务，不需要占用个人太多时间，只需几分钟就可以轻松赚收益，云派挂机app与个人微信同步登录，提现秒到账。,http://www.pc6.com/pc/shiwanzhuanqapp/11/,鹿比特（广东）云计算有限公司
http://www.pc6.com/az/711557.html,七彩试玩,2020-07-14  ,  20.1M,七彩试玩app是一款满6元就能快速提现的试玩客户端应用，七彩试玩软件满足想要赚钱的用户们的需求，掌上利用碎片化时间点点手机不仅能发现好玩的还能赚钱,http://www.pc6.com/pc/shiwanzhuanqapp/11/,暂无
http://www.pc6.com/az/710639.html,happy赚,2020-07-14  ,  10.3M,happy赚试玩软件是一款手机上玩一玩就能赚零花钱的客户端应用，happy赚app上海量任务都能随意选择，每个任务都有详细的单价说明，happy赚流畅简单赚钱轻松,http://www.pc6.com/pc/shiwanzhuanqapp/11/,暂无
http://www.pc6.com/az/712291.html,微试玩,2020-07-14  ,  20.3M,微试玩app是一款手机上躺赚的客户端应用，微试玩软件以试玩游戏赚钱为主，用户可以自由选择边玩边赚钱，微试玩任务非常丰富，并且不需要投入任何资金,http://www.pc6.com/pc/shiwanzhuanqapp/11/,暂无
http://www.pc6.com/az/842199.html,idoido,2020-07-13  ,  0KB,idoido安卓版app是一款非常不错的手机试玩平台赚钱软件，用户可随时进入idoido试玩平台选择自己感兴趣的任务，完成即可获得佣金奖励，手机打开idoido软件，每天只需要动动手指就可以赚取收益。,http://www.pc6.com/pc/shiwanzhuanqapp/11/,暂无
http://www.pc6.com/az/709612.html,萌猪试玩,2020-07-14  ,  10.2M,萌猪试玩app是一款做多种任务赚钱的客户端应用，萌猪试玩软件试玩任务多收益高，用户随时都能在线简单赚钱，每日任务没有上限，萌猪试玩让用户手机上快速赚钱,http://www.pc6.com/pc/shiwanzhuanqapp/11/,暂无
http://www.pc6.com/az/710563.html,抖粉赚,2020-07-14  ,  10.0M,抖粉赚app是一款玩转试玩任务赚钱的客户端应用，抖粉赚软件上的任务都非常简单，有小程序任务、游戏任务、应用下载任务，用户可自由选择赚钱，抖粉赚没有任何风险,http://www.pc6.com/pc/shiwanzhuanqapp/11/,暂无
http://www.pc6.com/az/702679.html,探米赚钱,2020-07-14  ,  7.4M,探米app是一款手机试玩做任务赚钱应用，探米赚钱软件上每天下午四点都会更新海量试玩任务，只需利用碎片化时间就能便捷赚钱，简短3分钟就能快速有钱,http://www.pc6.com/pc/shiwanzhuanqapp/11/,暂无
http://www.pc6.com/az/703835.html,安心试玩,2020-07-14  ,  20.4M,安心试玩app是一款每天花一点时间试玩小程序赚钱的客户端应用，安心试玩软件海量任务选择，每次体验只需花30秒，一天轻松玩转手机赚钱，安心试玩任务多奖励高,http://www.pc6.com/pc/shiwanzhuanqapp/11/,暂无
http://www.pc6.com/az/704795.html,试玩纪,2020-07-14  ,  10.3M,试玩纪app是一款手机试玩赚钱的优质应用，试玩纪软件上用户根据任务提示选择试玩任务赚取佣金，任务多活动多，试玩纪app还能靠推广收徒自动赚钱。,http://www.pc6.com/pc/shiwanzhuanqapp/11/,暂无
http://www.pc6.com/az/825370.html,赚省社区,2020-06-15  ,  20.3M,赚省社区app是一款做试玩任务赚钱的应用，赚省社区软件上下载应用试玩就有奖励，满五元就能提现，下载试玩应用就能拿奖励，赚省社区赚钱时间非常自由,http://www.pc6.com/pc/shiwanzhuanqapp/12/,暂无
http://www.pc6.com/az/823723.html,蝴蝶兼职,2020-06-12  ,  21.5M,蝴蝶兼职app是一款注册就可以领取新人专享福利的手机推广试玩赚钱软件，蝴蝶兼职app全新重磅上线了很多的兼职赚钱项目，以及趣味好玩的高收益活动福利，签到分享，试玩游戏，即可轻松赚取佣金和收益。,http://www.pc6.com/pc/shiwanzhuanqapp/12/,暂无
http://www.pc6.com/az/824603.html,试佣联盟,2020-06-15  ,  6.7M,试佣联盟app是一款高收益、很安全、超给力的手机购物赚钱软件，主要通过试玩各种项目和分享推广产品链接就可以获取一定的佣金，每天签到打卡，邀请好友加入，赚取的收益更多。,http://www.pc6.com/pc/shiwanzhuanqapp/12/,暂无
http://www.pc6.com/az/825395.html,羊推网,2020-06-15  ,  0KB,羊推网app是一款奖励丰厚、安全靠谱的手机赚钱软件，新用户注册首次进入羊推网app可以领取新人专享的现金红包福利，选择自己喜欢的推广任务进行分享，可以随随便便赚取收益，而且提现秒到账。,http://www.pc6.com/pc/shiwanzhuanqapp/12/,暂无
http://www.pc6.com/az/823916.html,爱钱游戏盒,2020-06-12  ,  10.3M,爱钱游戏盒app是一款玩玩游戏钱就能到账的试玩赚钱应用，爱钱游戏盒软件拥有丰富的赚钱模式，各大精品热游都能在爱钱游戏盒找到，边玩游戏边赚钱，佣金超高,http://www.pc6.com/pc/shiwanzhuanqapp/12/,暂无
http://www.pc6.com/az/726756.html,钱坊,2020-06-13  ,  8.4M,钱坊app是一款无需投入任何资金的试玩游戏赚钱的趣味软件。钱坊试玩app对于本来就喜欢玩游戏的朋友来说简直就是天堂。钱坊app不仅可以满足玩游戏的需求还能顺便赚到钱,http://www.pc6.com/pc/shiwanzhuanqapp/12/,北京东方时海科技有限公司
http://www.pc6.com/az/706383.html,ABC试玩,2020-07-14  ,  20.4M,ABC试玩app是一款提供海量试玩应用赚钱的客户端应用，ABC试玩软件上每天花几分钟的时间零花钱就能轻松到账，ABC试玩app佣金高任务丰富，短短几分钟就能完成任务轻松赚钱,http://www.pc6.com/pc/shiwanzhuanqapp/11/,暂无
http://www.pc6.com/az/825684.html,赚省试玩,2020-06-16  ,  19.7M,赚省试玩app是一款每天简单做试玩任务就能拿钱的应用，赚省试玩软件任务单价高，可以重复试玩赚钱，赚省试玩app每天下午还会大量更新，让你轻松把钱赚,http://www.pc6.com/pc/shiwanzhuanqapp/12/,暂无
http://www.pc6.com/az/708956.html,球球趣玩,2020-06-22  ,  5.6M,球球趣玩app是一款分分钟即可搞定试玩赚钱的客户端应用，球球趣玩软件上有超多的试玩游戏任务，用户不仅可以自行娱乐还能拿到高额佣金，球球趣玩满十元就能提现,http://www.pc6.com/pc/shiwanzhuanqapp/12/,暂无
http://www.pc6.com/az/705020.html,壹试玩,2020-07-14  ,  10.4M,壹试玩平台是一款好玩又能赚钱的客户端应用，壹试玩app收益效果好，每天都会有海量试玩任务，没有强制性需要，自由选择即可，并且壹试玩提现到账速度很快,http://www.pc6.com/pc/shiwanzhuanqapp/11/,暂无
http://www.pc6.com/az/828710.html,智跃微赚,2020-06-22  ,  6.7M,智跃微赚app是一款手机兼职app软件。在智跃微赚app这里，用户可以浏览文章、分享文章赚钱，也可以分享商品赚钱，还可以做悬赏赚钱，赚得佣金随时可提现,http://www.pc6.com/pc/shiwanzhuanqapp/12/,暂无
http://www.pc6.com/az/765893.html,艾玩市场,2020-06-17  ,  5.9M,艾玩市场app是一款非常靠谱的赚钱软件，你可以使用艾玩市场app更好的进行各种游戏试完赚钱，同时艾玩市场app具有海量游戏，各种类型一应俱全，操作简单便捷，更好的帮您一边玩游戏一边赚钱，还可以更好的进行各种推广赚钱等等，喜欢的小伙伴赶紧下载吧,http://www.pc6.com/pc/shiwanzhuanqapp/12/,暂无
http://www.pc6.com/az/829516.html,银通猎手,2020-06-22  ,  0KB,银通猎手app是一款拥有海量丰富赚钱任务和玩法的手机网赚软件，新注册用户打开银通猎手app就可以领取专属红包，每天完成签到打卡，分享试玩，邀请好友都可以获得十分优质的奖励和福利，银通猎手手赚平台让您轻松获得收益，提现简单秒到账。,http://www.pc6.com/pc/shiwanzhuanqapp/12/,暂无
http://www.pc6.com/az/755423.html,易米试玩平台,2020-06-12  ,  5.1M,易米试玩最新版是一款十分不错的手机试玩赚钱平台，易米试玩app里有着丰富多样的试玩赚钱内容可以供用户来赚钱，易米试玩最新版操作简单方便，随时随地都能上线赚外快，非常不错，让你享受不一样的赚钱乐趣,http://www.pc6.com/pc/shiwanzhuanqapp/12/,暂无
http://www.pc6.com/az/719769.html,拇指试客,2020-06-18  ,  2.6M,拇指试客app是一款奖励高每日更新的试玩客户端应用，拇指试客软件上玩游戏就能轻松赚钱，任务分类丰富，简单就能拿钱，拇指试客还有丰厚的收徒奖励任务,http://www.pc6.com/pc/shiwanzhuanqapp/12/,暂无
http://www.pc6.com/az/833516.html,淘豆兼职,2020-06-29  ,  26.0M,淘豆兼职平台是一款做悬赏任务赚佣金的应用，淘豆兼职软件注册就能自由挑选任务，每天随时随地赚赏金，淘豆兼职满一元提现，任务审核到账速度非常快,http://www.pc6.com/pc/shiwanzhuanqapp/12/,广州尚浩网络科技有限公司
http://www.pc6.com/az/788219.html,炼金猫,2020-06-25  ,  14.0M,炼金猫app是一款任务丰富、玩法多样的趣味娱乐手机赚钱软件，平台提供海量时下火爆的赚钱任务，看资讯、玩游戏、邀请好友、推广签到都可以赚钱。,http://www.pc6.com/pc/shiwanzhuanqapp/12/,西安半铁星海网络科技有限公司
http://www.pc6.com/az/831913.html,试玩小客,2020-06-26  ,  3.0M,试玩小客app是一款简单完成试玩任务赚钱的应用，试玩小客软件好礼多玩法有趣，通过趣味玩玩游戏就能获得红包收益，试玩小客提现也很便捷,http://www.pc6.com/pc/shiwanzhuanqapp/12/,暂无
http://www.pc6.com/az/637309.html,零钱宝宝,2020-06-28  ,  10.3M,零钱宝宝app是一款手机赚钱app，零钱宝宝app内有多种任务让你的现金赚百倍!零钱宝宝app只要足够的额度就可以提现啦，很不错,http://www.pc6.com/pc/shiwanzhuanqapp/12/,暂无
http://www.pc6.com/az/833203.html,金钱树,2020-06-29  ,  14.5M,金钱树app是一款所有赚钱任务都是明码标价的玩游戏赚钱的平台。金钱树app汇集了各个类型的手机游戏，每试玩金钱树app的一个游戏就能得到奖励，有时间的时候就来做做金钱树几十块随便赚,http://www.pc6.com/pc/shiwanzhuanqapp/12/,暂无
http://www.pc6.com/az/832313.html,青山赚,2020-06-28  ,  10.3M,青山赚app是一款通过试玩大量好游戏赚钱的应用，青山赚软件精选各种丰富任务，每天玩玩手机点点屏幕就能拿钱，并且青山赚还支持收徒拿提成,http://www.pc6.com/pc/shiwanzhuanqapp/12/,暂无
http://www.pc6.com/az/833069.html,365分红宝,2020-06-29  ,  0KB,365分红宝app是一款红包福利多多的趣味娱乐手机游戏赚钱软件，365分红宝app采用了玩家喜欢的山海经掌上挂机互动赚钱玩法模式，每天都可以参与抽奖，打开365分红宝app即可进行挂机升级或的红包开启奖励，轻松赚收益。,http://www.pc6.com/pc/shiwanzhuanqapp/12/,暂无
http://www.pc6.com/az/638548.html,抖赚试玩,2020-04-24  ,  18.0M,抖赚app是一款手机下载应用试玩赚钱，抖赚试玩app任务单价0.8元起，余额满10元起即可提现，用户通过抖赚app去下载应用即可获得现金奖励，在抖赚试玩app中完成新手任务送2.5元,http://www.pc6.com/pc/shiwanzhuanqapp/13/,太原市晋吉网络科技有限公司
http://www.pc6.com/az/617422.html,小涵兼职,2020-04-20  ,  7.4M,小涵兼职app是一款试玩应用赚钱平台，小涵兼职app快速任务无需首次，能抢就能过，10元即可提现，小涵兼职app只要你敢提我就能秒到，分分钟搞定,http://www.pc6.com/pc/shiwanzhuanqapp/13/,暂无
http://www.pc6.com/az/786272.html,铜板墙,2020-04-28  ,  8.2M,铜板墙app一款非常不错的试玩赚钱软件，在铜板墙app里每天更新海量的任务，完成任务即可获得相应的报酬，在铜板墙app里你还能收徒弟，收徒弟还可以获得提成,http://www.pc6.com/pc/shiwanzhuanqapp/13/,暂无
http://www.pc6.com/az/653069.html,零钱试玩,2020-04-22  ,  11.8M,零钱试玩app是一款试玩赚钱软件，零钱试玩app让赚钱变得简单，你只要试玩游戏按照操作在零钱试玩app平台上完成任务，就可以赚钱，而且每次的试玩任务赏金不等，赚钱无上限,http://www.pc6.com/pc/shiwanzhuanqapp/13/,珠海开禾信息网络有限公司
http://www.pc6.com/az/833732.html,懒懒赚钱,2020-06-30  ,  12.3M,懒懒赚钱app是一款躺着就能拿佣金赚钱的应用，懒懒赚钱软件拥有丰富的任务，做的多赚的多，简单几分钟就能轻松赚钱，并且懒懒赚钱app提现规则非常简单,http://www.pc6.com/pc/shiwanzhuanqapp/12/,暂无
http://www.pc6.com/az/787962.html,FinNexus,2020-04-30  ,  10.3M,FinNexus app是一款通过试玩游戏挖矿赚钱的应用，FinNexus软件操作模式简单，只需要每天上线签到玩玩游戏就能拿红包，FinNexus挖矿轻松收益高,http://www.pc6.com/pc/shiwanzhuanqapp/13/,暂无
http://www.pc6.com/az/789246.html,云端赚钱,2020-05-05  ,  22.5M,云端赚钱app是一款十分可靠的手机试玩软件或者游戏赚钱的应用软件，想要赚些零花的朋友们可以通过云端挂机赚钱平台上线做做试玩任务，云端赚钱app试玩一两分钟收益就能到手,http://www.pc6.com/pc/shiwanzhuanqapp/13/,暂无
http://www.pc6.com/az/777991.html,小涵赚钱,2020-04-20  ,  7.4M,小涵赚钱安卓版是一款在线试玩应用就能赚钱手机应用，小涵试玩平台汇聚了超多的游戏类型，小涵赚钱app只要用户进行试玩就能赚钱，注册就送红包，邀请好友参与还可以获得额外的奖励,http://www.pc6.com/pc/shiwanzhuanqapp/13/,暂无
http://www.pc6.com/az/720251.html,随时挖,2020-05-05  ,  4.6M,随时挖app是一款多形式趣味赚钱应用，随时挖软件上看广告、做任务、玩游戏通通都能获得收益，操作简单，无需任何投入，随时轻松赚钱，随时挖还有挖矿分红奖励,http://www.pc6.com/pc/shiwanzhuanqapp/13/,暂无
http://www.pc6.com/az/778084.html,众测盒子,2020-04-20  ,  0KB,众测盒子app是一款试玩赚钱平台，安全可靠，收益提现方便，无需任何投入，只要有空余时间就可以赚钱，注册之后就可以接任务赚钱，每天会按时发布大量的任务，玩法简单，完成一个任务仅需几分钟即可，试玩的任务也比较简单，按照提示操作即可，邀请好友还有额外的收益,http://www.pc6.com/pc/shiwanzhuanqapp/13/,暂无
http://www.pc6.com/az/781215.html,有偿试玩,2020-05-07  ,  27.5M,有偿试玩app是一款拥有超多优质手游供大家免费试玩的试玩赚钱平台。有偿试玩app为大家准备超级多优质的手游资源，每试玩有偿试玩app一个游戏就有相应奖励，一天下来奖励还是蛮多的,http://www.pc6.com/pc/shiwanzhuanqapp/13/,暂无
http://www.pc6.com/az/791152.html,乐米联盟,2020-05-07  ,  6M,乐米联盟app是一款赚钱方式丰富多样的掌上赚钱神器。乐米联盟app相当于将单一的试玩游戏赚钱、购物赚钱以及养殖赚钱等多个模式汇合在一个乐米联盟app上，趣味性更强,http://www.pc6.com/pc/shiwanzhuanqapp/13/,暂无
http://www.pc6.com/az/699378.html,66试玩,2020-05-09  ,  108.2M,66试玩app是一款手机上点一点玩游戏就能拿佣金的客户端应用，66试玩软件满足用户娱乐需求的同时还提供有超多的赚钱小任务，只需按照要求完成任务就能赚钱，非常简单,http://www.pc6.com/pc/shiwanzhuanqapp/13/,暂无
http://www.pc6.com/az/792662.html,刺猬达人,2020-05-09  ,  21.7M,刺猬达人app是一款全新趣味重磅火爆上线的做任务兼职赚钱软件，刺猬达人app拥有海量丰富靠谱精选的任务项目，只需动动手指即可轻松赚取收益。,http://www.pc6.com/pc/shiwanzhuanqapp/13/,暂无
http://www.pc6.com/az/808756.html,今日推推,2020-05-26  ,  0KB,今日推推是丰富的淘宝试用免费体验和赚钱的趣味工具。软件让用户能得到免费的商品试用资格，掌上领取各类试用赚钱任务，免费获得用品的同时还可获得平台返佣奖励，轻松赚钱。,http://www.pc6.com/pc/shiwanzhuanqapp/13/,暂无
http://www.pc6.com/az/804325.html,有量赚,2020-05-21  ,  11.1M,有量赚app是一款做任务赚钱的手机软件。有量赚app提供APP试玩任务、阅读任务、短视频任务等等各种赚钱任务，用户可以随心挑选完成赚钱,http://www.pc6.com/pc/shiwanzhuanqapp/13/,暂无
http://www.pc6.com/az/812528.html,独匠试玩,2020-05-29  ,  14.8M,独匠试玩app是一款非常给力的做任务赚钱的平台。独匠试玩平台为大家准备了众多的优质赚钱任务，你只要完成了独匠试玩app的赚钱任务即可，丰厚收益就来独匠试玩app赚钱吧,http://www.pc6.com/pc/shiwanzhuanqapp/13/,暂无
http://www.pc6.com/az/812196.html,赚客喵,2020-05-29  ,  10.3M,赚客喵app是一款掌上试玩游戏或应用赚钱的平台，赚客喵软件每天会更新任务，新用户注册就能领取红包，只要有时间就能加入试玩赚钱，赚客喵提现要求也很简单,http://www.pc6.com/pc/shiwanzhuanqapp/13/,暂无
http://www.pc6.com/az/706138.html,欢乐盒子,2020-05-25  ,  38.3M,欢乐盒子app是一款提高免安装直接能打开应用使用的客户端应用，欢乐盒子软件为用户提供超多娱乐好帮手，轻量级的应用帮助用户玩转手机，欢乐盒子不仅功能多还有超实惠的商品,http://www.pc6.com/pc/shiwanzhuanqapp/13/,北京折射网络科技有限公司
http://www.pc6.com/az/728350.html,南瓜小游戏,2020-06-02  ,  13.3M,南瓜小游戏app是一款既能玩游戏还能顺便赚点钱的试玩赚钱软件。南瓜小游戏app为了满足大家的需求为大家准备了众多好玩的手机游戏供大家选择，试玩游戏能获得相应报酬,http://www.pc6.com/pc/shiwanzhuanqapp/13/,杭州老夫子网络技术有限公司
http://www.pc6.com/az/686533.html,江湖试客,2020-03-23  ,  14.3M,江湖试客app是一款主打试玩赚取的客户端应用，江湖试客软件上每天都会有高额的试玩任务，选择感兴趣的应用在线试玩即可轻松赚取，江湖试客任务单价非常高，提现也很简单,http://www.pc6.com/pc/shiwanzhuanqapp/14/,暂无
http://www.pc6.com/az/810957.html,头号试玩,2020-05-27  ,  17M,头号试玩是一款非常不错的金融理财类手机软件，用户只需要在头号试玩app里进行试玩即可轻松赚钱，更有超多任务等你选择，感兴趣的小伙伴们快来下载头号试玩app试试吧！,http://www.pc6.com/pc/shiwanzhuanqapp/13/,暂无
http://www.pc6.com/az/682518.html,试玩家,2020-03-26  ,  9.2M,试玩家app是一款边娱乐边赚钱的客户端应用，试玩家软件上每天抽出一点点空闲时间就能快速赚钱零花钱，任务多奖励高，每天在线玩一玩即可，并且试玩家app还有靠谱的师徒任务,http://www.pc6.com/pc/shiwanzhuanqapp/14/,暂无
http://www.pc6.com/az/683094.html,佩琪屋,2020-03-26  ,  9.9M,佩琪屋app是一款体验试玩游戏赚钱的娱乐应用，佩琪屋软件上拥有超多赚钱机会，喜欢玩游戏的用户可以通过体验游戏获得奖励，并且佩琪屋还提供游戏充值返利服务,http://www.pc6.com/pc/shiwanzhuanqapp/14/,暂无
http://www.pc6.com/az/632644.html,聚优钱,2020-03-30  ,  30.8M,聚优钱安卓版是一款赚钱的试玩平台，聚优钱软件可以让用户通过试玩应用、邀请好友以及福利活动等来获取现金奖励，聚优钱app可以让你随时随地边玩边赚钱,http://www.pc6.com/pc/shiwanzhuanqapp/14/,暂无
http://www.pc6.com/az/762525.html,夺宝兔,2020-03-31  ,  18.5M,夺宝兔app是一款优质还玩的做任务赚钱的应用，夺宝兔软件中有丰富的任务自由，用户在线点击即可试玩赚钱，夺宝兔红包多任务多，随时轻松赚提成,http://www.pc6.com/pc/shiwanzhuanqapp/14/,暂无
http://www.pc6.com/az/757675.html,盒子屋,2020-03-24  ,  6KB,盒子屋app是一款玩玩游戏还能邻金币奖励的赚钱应用，盒子屋软件中有超多简单的试玩任务，用户花几分钟就能完成任务赚钱，盒子屋佣金高任务无限制，让你每天都能赚,http://www.pc6.com/pc/shiwanzhuanqapp/14/,暂无
http://www.pc6.com/az/614059.html,玩家享赚,2020-04-01  ,  14.1M,玩家享赚app是一款手机赚钱软件。在玩家享赚app中每天都提供大量的任务，让用户们可利用零碎时间躺在家赚钱,http://www.pc6.com/pc/shiwanzhuanqapp/14/,暂无
http://www.pc6.com/az/676955.html,闲玩,2020-04-04  ,  27.5M,闲玩app是一款随时秒赚的客户端应用，闲玩软件拥有超丰富的任务分类，选择喜欢的方式完成任务即可轻松赚钱，只要有时间都能用手机玩转闲玩赚钱，提现也非常简单,http://www.pc6.com/pc/shiwanzhuanqapp/14/,暂无
http://www.pc6.com/az/706950.html,趣赚大师,2020-04-02  ,  10.7M,趣赚大师app是一款每日参与赚钱任务赚钱的客户端应用，趣赚大师软件上可以通过多种形式轻松赚钱，门槛低报酬多，趣赚大师还有砸金蛋、刮刮卡等趣味娱乐赚钱形式,http://www.pc6.com/pc/shiwanzhuanqapp/14/,暂无
http://www.pc6.com/az/697176.html,三只猫,2020-04-03  ,  31.6M,三只猫app是一款手机正规做任务赚钱的客户端应用，三只猫软件上所有任务都有相应的现金奖励，只要完成就能拿佣金，边玩边赚，三只猫app上十块钱就能进行提现,http://www.pc6.com/pc/shiwanzhuanqapp/14/,暂无
http://www.pc6.com/az/697603.html,OK赚,2020-04-02  ,  5.1M,OK赚app是一款随时随地都能游戏娱乐并赚钱的手机APP。OK赚app让你的零碎时间变成你的零花钱，真正做到边玩边赚钱！玩游戏赚钱，就上OK赚app,http://www.pc6.com/pc/shiwanzhuanqapp/14/,暂无
http://www.pc6.com/az/811665.html,米趣赚钱,2020-05-28  ,  20.3M,米趣赚钱app是一款通过完成试玩任务赚钱的应用，米趣赚钱软件上每天只需要花几分钟就能完成试玩赚钱任务，单价高无上限，并且邀请好友玩米趣赚钱还有现金奖励,http://www.pc6.com/pc/shiwanzhuanqapp/13/,暂无
http://www.pc6.com/az/648061.html,蜂赚,2020-04-03  ,  114.7M,蜂赚在线app是一款手机掌上赚钱的客户端应用，蜂赚在线软件利用碎片化时间即可轻松开启赚钱之旅，任务多时间自由，每个任务都有高额悬赏回报，轻松赚钱,http://www.pc6.com/pc/shiwanzhuanqapp/14/,衡水鹏诚网络科技有限公司
http://www.pc6.com/az/697963.html,叮当赚,2020-04-04  ,  10.2M,叮当赚app是一款手机兼职试玩赚钱APP，叮当赚app拥有丰富的游戏资源，试玩即可打发你的无聊时间，也可以赚点外快，一举两得,http://www.pc6.com/pc/shiwanzhuanqapp/14/,暂无
http://www.pc6.com/az/672246.html,贪玩熊,2020-04-03  ,  9.3M,贪玩熊app是一款手机找任务兼职赚钱的客户端应用，贪玩熊软件让学生党、宝妈和有空闲时间的用户可以随时在线快速做任务赚钱，贪玩熊每天都会更新海量试玩任务，轻松有玩还有赚,http://www.pc6.com/pc/shiwanzhuanqapp/14/,黑龙江省华厦亿达信息科技有限公司
http://www.pc6.com/az/631675.html,葫芦赚,2020-04-08  ,  16.5M,葫芦赚app是一款手机兼职赚钱软件，葫芦赚app里面可以进行软件试玩、游戏试玩、答题等众多赚钱项目，葫芦赚app只需要你的空闲时间就能赚钱,http://www.pc6.com/pc/shiwanzhuanqapp/14/,杭州首享科技有限公司
http://www.pc6.com/az/767019.html,赏游赚,2020-04-07  ,  5.5M,赏游赚app是一款试玩游戏就能有奖励的应用，赏游赚软件上每天花几分钟就能赚取零花钱，娱乐的同时还有钱进，赏游赚app试玩奖励丰厚，赚钱轻松,http://www.pc6.com/pc/shiwanzhuanqapp/14/,暂无
http://www.pc6.com/az/768178.html,人气试玩,2020-04-08  ,  7.9M,人气试玩app是一款只要试玩游戏就能赚钱的试玩赚钱平台。人气试玩app上的游戏和应用类型非常丰富，只要打开人气试玩app完成指定的试玩任务就能获得丰厚的回报,http://www.pc6.com/pc/shiwanzhuanqapp/14/,暂无
http://www.pc6.com/az/722747.html,云集集,2019-12-14  ,  5.0M,云集集app是一款试玩游戏获得报酬的客户端应用，云集集软件和各大游戏开发商合作，用户只需完成模拟测试玩家体验即可获得高额佣金，云集集还能帮助商家提供游戏曝光,http://www.pc6.com/pc/shiwanzhuanqapp/15/,暂无
http://www.pc6.com/az/707548.html,抢多多,2020-04-08  ,  10.4M,抢多多app是一款任务丰富的赚钱客户端有，抢多多软件上有多种赚钱任务，用户自由选择赚钱方式，开启轻松赚钱之旅，并且把抢多多分享给好友注册还能获得奖金,http://www.pc6.com/pc/shiwanzhuanqapp/14/,深圳太惊喜科技有限公司
http://www.pc6.com/az/768442.html,游赚部落,2020-04-08  ,  10.3M,游赚部落app是一款玩着游戏就能赚钱的应用，游赚部落软件中有很多好玩的试玩任务，用户免费试玩游戏就能领取红包，并且游赚部落提现方式多样，方便用户赚零花钱,http://www.pc6.com/pc/shiwanzhuanqapp/14/,暂无
http://www.pc6.com/az/767323.html,金游赚,2020-04-07  ,  5.6M,金游赚app是一款非常简单的手机赚钱软件，金游赚app主要是通过试玩游戏来获取收益，用户每天都可以在线完成试玩任务，奖励还是蛮高的，不需要任何投资，邀请好友还能获得永久分红，随时都可以在线参与试玩，提现门槛也很低，不用担心赚不到钱，喜欢的朋友千万不要错过,http://www.pc6.com/pc/shiwanzhuanqapp/14/,暂无
http://www.pc6.com/az/637162.html,橙赚,2020-04-05  ,  6.1M,橙赚app是一款应用试玩赚钱软件，橙赚app无需任何投入，利用闲暇的时间赚取外快，用户通过完成橙赚app平台里面的任务（限时任务、新人任务、好评任务等）来获取相应的积分奖励,http://www.pc6.com/pc/shiwanzhuanqapp/14/,暂无
http://www.pc6.com/az/722922.html,有D赚,2019-12-16  ,  17.6M,有D赚app是一款提供各种好玩的试玩任务赚钱的客户端应用，有D赚软件新人注册都会有红包和金币奖励，随时开启轻松赚钱之旅，有D赚不仅满足用户玩游戏需求还能赚零花钱,http://www.pc6.com/pc/shiwanzhuanqapp/15/,暂无
http://www.pc6.com/az/723029.html,安金,2019-12-16  ,  55.8M,安金app是一款玩转游戏任务赚钱的客户端应用，安金软件模式新颖，玩家通过日常玩游戏、看广告、做任务都能获得丰厚奖励，安金app一元起提现，实现零撸赚钱,http://www.pc6.com/pc/shiwanzhuanqapp/15/,暂无
http://www.pc6.com/az/723296.html,日赚宝,2019-12-17  ,  30.4M,日赚宝app是一款领取任务赚现金的客户端应用，日赚宝软件上新会员每天都能领取现金，并且在任务大厅中会有单价高的悬赏任务，用户可以自由选择任务赚钱，在日赚宝轻松日赚百元,http://www.pc6.com/pc/shiwanzhuanqapp/15/,暂无
http://www.pc6.com/az/731900.html,五星红包,2020-01-15  ,  12.2M,五星红包app是一款非常受欢迎的安卓试玩赚钱软件。五星红包app汇集了各种各样的好玩游戏任大家免费试玩，五星红包app既能试玩好玩的游戏，还能通过试玩游戏来赚钱哦,http://www.pc6.com/pc/shiwanzhuanqapp/15/,暂无
http://www.pc6.com/az/697009.html,趣分钱,2019-12-13  ,  14.4M,趣分钱app是一款掌上赚钱的客户端应用，趣分钱软件板块多，用户可以自行选择喜欢的内容开启赚钱之路，零成本投入，只要有时间就能自由赚钱，趣分钱操作非常简单,http://www.pc6.com/pc/shiwanzhuanqapp/15/,暂无
http://www.pc6.com/az/734111.html,犀利熊手游,2020-01-20  ,  5.2M,犀利熊手游app是一款操作简单随时可以赚钱的客户端应用，犀利熊手游软件不需要会费，随时在线就能接任务玩游戏赚钱，犀利熊手游上邀请好友还有分红,http://www.pc6.com/pc/shiwanzhuanqapp/15/,暂无
http://www.pc6.com/az/742951.html,甄享赚,2020-02-22  ,  12M,甄享赚app是一款海量任务升级且收益多多的试玩赚钱软件，平台会不定时的上线全新的试玩任务和赚钱项目，几乎每一天的任务都不一样，让大家随时所有新的赚钱项目可以跟进，获得超多的奖励和收益。,http://www.pc6.com/pc/shiwanzhuanqapp/15/,暂无
http://www.pc6.com/az/732977.html,松鼠爱玩,2020-01-17  ,  7.1M,松鼠爱玩app是一款在线做任务得零花钱的客户端应用，松鼠爱玩软件只要有手机就能玩，随时都能找到好玩的任务，轻松动动手指在松鼠爱玩赚钱,http://www.pc6.com/pc/shiwanzhuanqapp/15/,暂无
http://www.pc6.com/az/737884.html,乐呵赚,2020-02-08  ,  69.0M,乐呵赚app是一款开心玩小游戏赚钱的客户端应用，乐呵赚软件上有格式的赚钱任务，游戏、听歌、购物都能赚钱，乐呵赚提现门槛也低,http://www.pc6.com/pc/shiwanzhuanqapp/15/,暂无
http://www.pc6.com/az/734112.html,犀利熊手游,2020-01-20  ,  5.2M,犀利熊手游app是一款非常简单的手机赚钱软件，主要是通过试玩游戏来获取收益，用户注册犀利熊手游app就能获赠现金红包，同时每天都会更新大量的试玩任务，奖励还是蛮不错的，邀请好友还能获得分红，喜欢赚钱的朋友千万不要错过,http://www.pc6.com/pc/shiwanzhuanqapp/15/,暂无
http://www.pc6.com/az/740346.html,每日趣玩,2020-02-15  ,  0KB,每日趣玩app是一款小伙伴们可以通过试玩的赚钱的应用软件，每日趣玩app里有非常多的任务可以供用户选择，并且小伙伴们还可以邀请好友一起赚钱，邀请的好友越多，获得的奖励就越大，在家就可以轻松赚钱,http://www.pc6.com/pc/shiwanzhuanqapp/15/,暂无
http://www.pc6.com/az/732964.html,偷偷试玩,2020-01-17  ,  12.3M,偷偷试玩app是一款任务超多的手赚应用，每天轻轻松松就能获得赚外快的机会，线上有很多不同板块的接单任务可以无限做，用户们在偷偷试玩app中只需要简单的几个步骤就可以完成，获得发放的佣金。操作玩法模式比较多，根据个人的实际情况选择赚钱任务，随时都能体现,http://www.pc6.com/pc/shiwanzhuanqapp/15/,暂无
http://www.pc6.com/az/738439.html,游赚盒子,2020-02-10  ,  5.6M,游赚盒子app是一款低成本赚钱的客户端应用，游赚盒子软件上玩着游戏就能赚钱，有线上还有专门为新手定制的任务，轻轻松松在游赚盒子月入千元,http://www.pc6.com/pc/shiwanzhuanqapp/15/,暂无
http://www.pc6.com/az/746144.html,送小宝,2020-03-02  ,  6.2M,送小宝app是一款海量小游戏随便玩的试玩赚钱客户端应用，送小宝软件上有非常多热门小游戏，不用下载安装点击即可匹配开玩，并且送小宝app玩游戏还能拿奖励,http://www.pc6.com/pc/shiwanzhuanqapp/15/,暂无
http://www.pc6.com/az/606394.html,蚂蚁赚钱,2020-02-27  ,  6.8M,蚂蚁赚钱app是一款用闲暇时间手机兼职赚钱的客户端应用，蚂蚁赚钱软件任务类型多，方便学生、上班族或是拥有大量空闲时间的人员在线选择任务赚钱，轻松实用,http://www.pc6.com/pc/shiwanzhuanqapp/15/,暂无
http://www.pc6.com/az/744976.html,打游戏赚钱,2020-02-27  ,  10.3M,打游戏赚钱app是一款宝妈学生都能在线玩有戏赚钱的客户端应用，打游戏赚钱软件上聚合超多精彩游戏，在娱乐的同时玩家还能领取红包，并且在打游戏赚钱签到邀请都有奖励,http://www.pc6.com/pc/shiwanzhuanqapp/15/,暂无
http://www.pc6.com/az/745229.html,早起鸟,2020-02-28  ,  7.5M,早起鸟app是一款实用的网赚软件，用户在平台上接取任务，完成对应的任务目标之后，即能获得收益。同时早起鸟app中的任务目标难易不同，越难的模板收益更高,http://www.pc6.com/pc/shiwanzhuanqapp/15/,暂无
http://www.pc6.com/az/645765.html,蜜蜂小赚,2020-02-29  ,  14.7M,蜜蜂小赚app是一款有网络就能轻松赚钱的客户端应用，蜜蜂小赚软件只需在线选择喜欢的任务，按提示完成任务需求，简单几步就能完成任务赚钱,http://www.pc6.com/pc/shiwanzhuanqapp/15/,暂无
http://www.pc6.com/az/708756.html,吱吱手赚,2020-03-09  ,  8M,吱吱手赚app是一款让您在闲暇之余轻松赚钱的赚钱神器，通过完成吱吱手赚app平台发布的简单小任务即可获得高额奖励，一键体现更靠谱，换花费换现金由你决定，感兴趣的小伙伴欢迎下载吱吱手赚app体验,http://www.pc6.com/pc/shiwanzhuanqapp/15/,暂无
http://www.pc6.com/az/744836.html,imony试玩,2020-02-27  ,  4.9M,imony试玩app是一款任务超多的手赚应用，imony试玩app每天轻轻松松就能获得赚外快的机会，imony试玩app线上有很多不同板块的接单任务可以无限做，只需要简单的几个步骤就可以完成，获得平台发放的佣金,http://www.pc6.com/pc/shiwanzhuanqapp/15/,暂无
http://www.pc6.com/az/693533.html,手赚精灵,2020-02-25  ,  33.7M,手赚精灵app是一款手指头点一点赚钱的客户端应用，手赚精灵软件随时开启赚钱模式，每天都有海量趣味任务，玩游戏、做任务即可获得高额佣金，手赚精灵让你轻松赚零花钱,http://www.pc6.com/pc/shiwanzhuanqapp/15/,暂无
http://www.pc6.com/az/701105.html,新乐游,2019-09-23  ,  18.7M,新乐游app是一款只需试玩游戏就能够赚钱的游戏赚钱软件。新乐游app网罗了各种各样好玩的手机游戏等你来尝试。新乐游app对于喜欢玩游戏的人来说简直是福利,http://www.pc6.com/pc/shiwanzhuanqapp/16/,暂无
http://www.pc6.com/az/699016.html,金稻田试玩,2019-09-16  ,  20.6M,金稻田试玩app是一款收益好提现速度的试玩赚钱应用，金稻田试玩软件上可以自由选择喜欢的任务随时轻松赚钱，金稻田试玩超多趣味小任务，有时间就能玩，非常的贴心实用,http://www.pc6.com/pc/shiwanzhuanqapp/16/,暂无
http://www.pc6.com/az/699349.html,手游赚霸,2019-09-16  ,  9.8M,手游赚霸app是一款通过做任务试玩赚钱的客户端应用，手游赚霸软件每天都会自动更新大量试玩任务，用户可以直观的看到任务佣金，自由选择任务完成，手游赚霸任上有玩又能赚,http://www.pc6.com/pc/shiwanzhuanqapp/16/,暂无
http://www.pc6.com/az/701586.html,啄木鸟任务网,2019-09-24  ,  9.8M,啄木鸟任务网app是一款通过完成试玩任务赚钱的客户端应用，啄木鸟任务网软件模式多赚钱快，只要有时间就能在线玩手机赚钱，啄木鸟任务网app是自由赚钱最好的选择,http://www.pc6.com/pc/shiwanzhuanqapp/16/,暂无
http://www.pc6.com/az/702684.html,钱脉试玩,2019-09-27  ,  5.3M,钱脉试玩app是一款掌上玩一玩拿现金奖励的客户端应用，钱脉试玩赚钱软件每天都有很多好玩的应用，选择试玩完成就会有现金奖励，并且钱脉试玩app支持多种提现方式,http://www.pc6.com/pc/shiwanzhuanqapp/16/,暂无
http://www.pc6.com/az/703330.html,多趣宝盒,2019-09-30  ,  6M,多趣宝盒app是一款非常给力的手机快捷赚钱软件。多趣宝盒app上的赚钱任务类型特别的齐全，你只需要完成多趣宝盒app上的任务就能获得非常丰厚的奖励,http://www.pc6.com/pc/shiwanzhuanqapp/16/,暂无
http://www.pc6.com/az/617431.html,亿起赚,2019-09-25  ,  13.5M,亿起赚app是一款靠谱的手赚软件，亿起赚app只要你下载应用试玩，就可以获得奖励，亿起赚app邀请好友也有奖励。随时可以提,http://www.pc6.com/pc/shiwanzhuanqapp/16/,暂无
http://www.pc6.com/az/703824.html,贝利游,2019-10-08  ,  15.3M,贝利游app是一款零撸赚钱的开的户应用，贝利游软件只需要通过试玩游戏就能赚钱，贝利游每天都会更新提供超多任务，用户可以自由选择试玩，完成任务即可领取随时提现,http://www.pc6.com/pc/shiwanzhuanqapp/16/,暂无
http://www.pc6.com/az/701935.html,手玩赚,2019-09-25  ,  2.5M,手玩赚app是一款只用试玩游戏就能赚钱的软件。手玩赚app汇集来自国内国外的各种类型的手游供大家免费试玩，在手玩赚app上试玩游戏还能获得意想不到的收益,http://www.pc6.com/pc/shiwanzhuanqapp/16/,暂无
http://www.pc6.com/az/703793.html,乐享精灵,2019-10-08  ,  5.4M,乐享精灵app是一款推广试玩收益高的手机赚钱客户端应用，乐享精灵软件在线注册登录即可轻松挂机赚钱，并且将乐享精灵推广好友发展团队也会有收红奖励,http://www.pc6.com/pc/shiwanzhuanqapp/16/,暂无
http://www.pc6.com/az/703472.html,趣钻钻,2019-09-30  ,  20.4M,趣钻钻app是一款以试玩游戏赚钱为主的赚钱应用，趣钻钻游戏平台每天都有趣味的试玩赚钱任务，完成任务即可获得趣币，利用趣币可以兑换趣钻钻上各种奖品,http://www.pc6.com/pc/shiwanzhuanqapp/16/,暂无
http://www.pc6.com/az/701484.html,小赚关注,2019-09-24  ,  20.6M,小赚关注app是一款玩手机赚钱的应用，小赚关注软件注册成为会员即可享受做任务拿高佣金，随时参与红包活动，并且将小赚关注推广给其他会员还能赚钱更多的现金,http://www.pc6.com/pc/shiwanzhuanqapp/16/,暂无
http://www.pc6.com/az/703797.html,玩赚分红龙,2019-10-08  ,  3.1M,玩赚分红龙app一款静态不用天天操作就能赚钱的客户端有，玩赚分红龙软件颠覆传统赚钱模式，以投资人利益出发，提供安全便捷的赚钱模式，随时在玩赚分红龙赚钱,http://www.pc6.com/pc/shiwanzhuanqapp/16/,暂无
http://www.pc6.com/az/704305.html,壹狗试玩,2019-10-09  ,  11.2M,壹狗试玩app是一款手机试玩赚钱软件，新人注册之后就能开始试玩赚钱，壹狗试玩软件中拥有海量的试玩任务，每个任务仅需几分钟即可，并且壹狗试玩app里还有推广赚钱的模式，邀请好友加入就能赚钱，在家动动手指就能赚钱，喜欢的朋友快来下载吧,http://www.pc6.com/pc/shiwanzhuanqapp/16/,暂无
http://www.pc6.com/az/706027.html,趣猫玩,2019-10-15  ,  9M,趣猫玩app是一款只需试玩游戏就能赚到钱的手游试玩赚钱平台。趣猫玩app的赚钱方式就是获得更多的猫豆。而且获得猫豆的方式就是在趣猫玩app上试玩游戏就能获得猫豆啦,http://www.pc6.com/pc/shiwanzhuanqapp/16/,暂无
http://www.pc6.com/az/707539.html,虫小虫,2019-10-21  ,  3.2M,虫小虫app是一款提成高收益多的网赚客户端应用，虫小虫软件满一元提现，用户每天都能在线发现好玩的任务，玩手机轻松赚钱，并且虫小虫通过签到推广都有不同额度奖励,http://www.pc6.com/pc/shiwanzhuanqapp/16/,暂无
http://www.pc6.com/az/706183.html,988社区,2019-10-15  ,  5.0M,988社区app是一款赚钱模式多佣金高的在线赚钱应用，988社区软件上有多种多样的试玩小任务，用户可以安全佣金选择感兴趣的试玩赚钱，并且988社区上还能参与大转盘抽奖,http://www.pc6.com/pc/shiwanzhuanqapp/16/,暂无
http://www.pc6.com/az/706109.html,趣玩赚,2019-10-15  ,  10M,趣玩赚app是一款拥有一大群忠实粉丝的优质手赚平台。趣玩赚app上的赚钱不是单一的而且有许多的种类的。你可以在趣玩赚app寻找你感兴趣的赚钱任务完成就能获得奖励了,http://www.pc6.com/pc/shiwanzhuanqapp/16/,暂无
http://www.pc6.com/az/706118.html,趣玩赚钱,2019-10-15  ,  3M,趣玩赚钱app是一款只需试玩各种应用和游戏就能赚钱的平台。趣玩赚钱软件的奖励还非常丰富，每天抽出一点时间来趣玩赚钱app试玩各种应用和游戏基本上几十块钱很轻松就能赚到,http://www.pc6.com/pc/shiwanzhuanqapp/16/,暂无
http://www.pc6.com/az/707352.html,i红包试玩,2019-10-19  ,  2.5M,i红包试玩是一款试玩各种应用和游戏就能赚钱的平台。i红包app网罗了来自国内以及国外的热门手机应用和手机游戏供大家免费下载试玩，i红包试玩之后还能获得相应现金奖励,http://www.pc6.com/pc/shiwanzhuanqapp/16/,暂无
http://www.pc6.com/az/615650.html,赚邦,2019-05-31  ,  23.4M,赚邦app是一款赚钱到账速度快的客户端应用，赚邦手机版提供比其它平台价格更高的高价任务，任务简单任意新手小白都能轻松完成任务获得高额奖励，并且赚邦收徒也能赚,http://www.pc6.com/pc/shiwanzhuanqapp/17/,暂无
http://www.pc6.com/az/671652.html,鼠宝,2019-06-21  ,  8.9M,鼠宝app是一款轻轻松松就能赚到钱的试玩赚钱软件。鼠宝试玩app赚钱的方式很简单，鼠宝赚钱app上汇集各种各样的手机游戏和应用，你只需下载试玩就能获得相对应的报酬,http://www.pc6.com/pc/shiwanzhuanqapp/17/,暂无
http://www.pc6.com/az/707858.html,小鱼试玩,2019-10-22  ,  13.0M,小鱼试玩app是一款点点手机试玩好玩应用就能拿钱的赚钱应用，小鱼试玩软件有丰富的试玩任务，根据单价喜好选择性做任务赚钱，小鱼试玩还能开启收徒模式自动赚钱,http://www.pc6.com/pc/shiwanzhuanqapp/16/,暂无
http://www.pc6.com/az/668264.html,卡盟猫,2019-05-21  ,  1.1M,卡盟猫app是一款助商家和用户实现共赢的试玩推广赚钱平台。卡盟猫app既为广大商家提供一个营销推广的场所，同时用户通过完成卡盟猫app上的试玩推广任务就能获得非常丰厚的奖励,http://www.pc6.com/pc/shiwanzhuanqapp/17/,暂无
http://www.pc6.com/az/669885.html,侠玩赚,2019-05-27  ,  6.4M,侠玩赚app是一款试玩游戏即可轻松赚的客户端应用，侠玩赚软件任务简单但试玩佣金高，所有人都能利用闲暇时间在线赚钱，侠玩赚微信提现秒到,http://www.pc6.com/pc/shiwanzhuanqapp/17/,暂无
http://www.pc6.com/az/670965.html,试用宝,2019-05-30  ,  18.5M,试用宝app是一款每天轻松试玩应用赚零花钱的客户端应用，试用宝软件上的试玩应用多，每天还会不断更新，利用碎片化时间做任务赚钱，试用宝app上随时都会有收获,http://www.pc6.com/pc/shiwanzhuanqapp/17/,暂无
http://www.pc6.com/az/679989.html,米淘赚赚,2019-07-03  ,  5.2M,米淘赚赚app是一款非常好用的赚钱的软件，米淘赚赚下载官方版让大家通过试玩应用和游戏来赚钱，每天更新海量任务，让大家尽情的试玩赚钱，感兴趣的朋友赶紧来米淘赚赚app下载试试吧,http://www.pc6.com/pc/shiwanzhuanqapp/17/,暂无
http://www.pc6.com/az/676879.html,赚宝试玩,2019-06-24  ,  8.1M,赚宝试玩app是一款优秀的手机赚钱软件，赚宝试玩app拥有海量优质赚钱任务，只需下载赚宝试玩app试玩、微信推广即可快速赚钱，任务简单、提现速度快，欢迎广大用户下载体验,http://www.pc6.com/pc/shiwanzhuanqapp/17/,暂无
http://www.pc6.com/az/670777.html,聚享玩,2019-05-30  ,  3.6M,聚享玩app是一款利用碎片化时间游戏试玩赚钱客户端应用，聚享玩手机版每天都有各种游戏应用任务，在线试玩游戏即可轻松赚取佣金，玩法多任务多，聚享玩让你每天都有零花钱,http://www.pc6.com/pc/shiwanzhuanqapp/17/,暂无
http://www.pc6.com/az/670813.html,爱搜试玩,2019-05-30  ,  4.0M,爱搜试玩app是一款线上的手机试玩软件赚钱软件，爱搜试玩app有非常丰富的试玩软件，包括购物、贷款、社交等等的生活软件，爱搜试玩app用户只需要完成平台的试玩任务就可以获得丰厚的试玩奖励，每天不仅可以体验线上试玩的乐趣，还可以轻松赚钱,http://www.pc6.com/pc/shiwanzhuanqapp/17/,暂无
http://www.pc6.com/az/436988.html,泡泡赚,2019-07-12  ,  20.7M,泡泡赚app是一款帮助您开启赚零花钱暴走模式的客户端应用，泡泡赚官方软件上拥有多种趣味任务，不仅能够帮助您打发时间，还能赚取大量的零花钱，泡泡赚随时随地提现换取优惠券,http://www.pc6.com/pc/shiwanzhuanqapp/17/,暂无
http://www.pc6.com/az/685986.html,闲赚赚,2019-07-24  ,  9.1M,闲赚赚app是一款手机试玩赚钱软件，闲赚赚app每天都会发布海量的赚钱任务，操作很简单，游戏和应用随意选择，闲赚赚app每天连续使用奖励会更多，任务量没有限制，随时想玩就玩，邀请好友也能获取相应的佣金,http://www.pc6.com/pc/shiwanzhuanqapp/17/,暂无
http://www.pc6.com/az/688494.html,聚游趣,2019-07-31  ,  20.2M,聚游趣app是一款玩游戏还能赚钱的精品手机赚钱应用。聚游趣app为大家准备了各种各样来自国内以及国外的优质手游，你需要做的就是试玩聚游趣app上的游戏就能赚钱,http://www.pc6.com/pc/shiwanzhuanqapp/17/,暂无
http://www.pc6.com/az/684858.html,橘子试玩,2019-07-20  ,  5.4M,橘子试玩app是一款玩游戏的同时还能赚钱的软件。橘子试玩app汇集各种类型的手机应用和游戏，你只需点击试玩橘子试玩app上的游戏就能赚钱，试玩越多转的钱越多,http://www.pc6.com/pc/shiwanzhuanqapp/17/,暂无
http://www.pc6.com/az/686029.html,柠檬赚,2019-07-24  ,  7.9M,柠檬赚app是一款赚钱软件，柠檬赚app主要任务以试玩赚钱为主，如注册下载，转发分享，游戏试玩等等，柠檬赚app任务操作非常的简单，每个试玩任务只需待三分钟即可，邀请好友一起参与还能获取收益翻倍,http://www.pc6.com/pc/shiwanzhuanqapp/17/,暂无
http://www.pc6.com/az/690978.html,淘来试玩,2019-08-01  ,  4.8M,淘来试玩app是一款赚钱任务多样的试玩赚钱应用，淘来试玩软件每天更新任务，一键申请即可开始赚钱，每单都有非常高的佣金，淘来试玩app不需缴纳佣金一元就能提现，邀请好友还有现金奖励,http://www.pc6.com/pc/shiwanzhuanqapp/17/,暂无
http://www.pc6.com/az/689521.html,口袋娱乐,2019-08-02  ,  3.6M,口袋娱乐app是一款赚钱任务丰富的在线赚钱应用，口袋娱乐赚钱软件上有各种有趣的赚钱任务，用户自由选择其中一种方式开始赚钱，并且口袋娱乐绑定微信佣金即可实时到账，非常自由,http://www.pc6.com/pc/shiwanzhuanqapp/17/,暂无
http://www.pc6.com/az/691717.html,久乐赚,2019-08-01  ,  9M,久乐赚app是一款每天轻松试玩游戏就能赚钱的客户端应用，久乐赚软件上拥有丰富的游戏类型，只要有时间就能选择好玩的游戏在线玩耍赚钱，久乐赚适合任何用户在线赚钱,http://www.pc6.com/pc/shiwanzhuanqapp/17/,暂无
http://www.pc6.com/az/689096.html,蹦蹦试玩,2019-08-01  ,  9.4M,蹦蹦试玩是一款试玩赚钱软件，蹦蹦试玩app有大量的兼职赚钱任务任你挑选，蹦蹦试玩app拥有更加丰富的奖励，自由选择更多的奖励进行赚钱，超低的提现门槛，完成每日任务佣金当天发放，感兴趣的用户赶快来下载吧,http://www.pc6.com/pc/shiwanzhuanqapp/17/,暂无
http://www.pc6.com/az/689845.html,微米盒子,2019-08-02  ,  27.0M,微米盒子app是一款玩游戏赚不停的试玩游戏赚钱应用，微米盒子游戏平台与国内知名游戏开发商对接，玩家直接可以在线选择任务试玩赚钱，体验新潮的新游戏获得丰厚奖励，微米盒子任务多佣金高,http://www.pc6.com/pc/shiwanzhuanqapp/17/,暂无
http://www.pc6.com/az/601293.html,钱咔,2018-08-08  ,  12.0M,钱咔app是一款宅在家就能赚钱的客户端应用，钱咔手机版拥有多种兼职赚钱的任务，不仅仅可以找任务赚钱，还能阅读分享赚钱，并且钱咔提现门槛低，赚钱非常的轻松,http://www.pc6.com/pc/shiwanzhuanqapp/18/,暂无
http://www.pc6.com/az/690509.html,虾米试玩,2019-08-05  ,  9.4M,虾米试玩是一款试玩赚钱软件，虾米试玩app汇集了大量的试玩任务，虾米试玩app任务要求操作流程都比较简单，无需任何投入，就能帮助你轻轻松松赚钱，每天签到也能获取一定的收益，感兴趣的用户赶快来下载吧,http://www.pc6.com/pc/shiwanzhuanqapp/17/,暂无
http://www.pc6.com/az/620849.html,壹游通,2018-10-26  ,  1.9M,壹游通app是一款试玩赚钱软件，壹游通app你只需试玩游戏就能赚钱，壹游通app内有海量游戏等你来玩，壹游通app让你在家躺着玩也能赚钱,http://www.pc6.com/pc/shiwanzhuanqapp/18/,暂无
http://www.pc6.com/az/626617.html,小猪赚钱,2018-11-19  ,  23.3M,小猪赚钱app是一款每天能领取超多试玩任务赚钱的客户端应用，小猪赚钱手机版随时都能找到好玩的游戏任务，轻松玩转手机就能领取各种奖励，并且小猪赚钱提现非常简单,http://www.pc6.com/pc/shiwanzhuanqapp/18/,暂无
http://www.pc6.com/az/627908.html,试游宝,2018-11-23  ,  10M,试游宝app是一款拥有万千忠实粉丝的试玩游戏赚钱平台。试游宝app每日为大家精心挑选众多非常好玩的手机游戏，您只需下载试玩试游宝app上的游戏就能获得丰厚的现金奖励,http://www.pc6.com/pc/shiwanzhuanqapp/18/,暂无
http://www.pc6.com/az/632569.html,蚂蚁试玩,2018-12-12  ,  12.4M,蚂蚁试玩app是一款能够赚钱的软件，用户可以通过蚂蚁试玩app软件接收各种任务，蚂蚁试玩app用户只需完成这些简单好玩的任务即可赚取收益，轻松赚钱,http://www.pc6.com/pc/shiwanzhuanqapp/18/,暂无
http://www.pc6.com/az/633952.html,网赚赚钱,2018-12-18  ,  11.1M,网赚赚钱app，让你躺在家赚钱的手机软件。在网赚赚钱app中有大量的任务，让你可利用零碎时间轻松赚零花钱,http://www.pc6.com/pc/shiwanzhuanqapp/18/,暂无
http://www.pc6.com/az/623023.html,生肖豆,2018-11-05  ,  9.2M,生肖豆app，这是款让你在家躺着赚钱的收集软件。生肖豆app每天都提供大量任务、让你可随时随地轻松参与任务获取赚钱等,http://www.pc6.com/pc/shiwanzhuanqapp/18/,暂无
http://www.pc6.com/az/639051.html,安心赚,2019-01-10  ,  7M,安心赚app是一款手机试玩软件，安心赚试玩每日更新海量兼职赚钱任务，安全可靠，安心赚官网当日结算提现，兼职赚钱更加放心，赶快下载安装吧,http://www.pc6.com/pc/shiwanzhuanqapp/18/,暂无
http://www.pc6.com/az/634293.html,蚂蚁爱玩,2018-12-19  ,  10.3M,蚂蚁爱玩app是一款玩游戏就能赚钱的客户端应用，蚂蚁爱玩软件看资讯、玩游戏都能获得金币，每天做各种任务赚钱，提现便捷，让想赚零花钱的你可以随时轻松玩,http://www.pc6.com/pc/shiwanzhuanqapp/18/,暂无
http://www.pc6.com/az/637696.html,51赚钱平台,2019-01-04  ,  7.7M,51赚钱app是一款动动手指，试玩应用就能的赚钱软件，51赚钱平台只需要利用碎片化时间试玩，51赚钱app让你每天都能赚出一份午饭钱,http://www.pc6.com/pc/shiwanzhuanqapp/18/,暂无
http://www.pc6.com/az/645308.html,任务侠,2019-02-04  ,  4.9M,任务侠app是一款做任务赚钱的客户端应用，任务侠软件中会提供各种任务只要完成相关任务就能轻松赚钱，并且在任务侠上分享还能获得佣金奖励拿提成赚钱,http://www.pc6.com/pc/shiwanzhuanqapp/18/,暂无
http://www.pc6.com/az/651708.html,手机蹦蹦,2019-03-04  ,  5.7M,手机蹦蹦app是一款娱乐还能轻松赚钱的客户端应用，手机蹦蹦软件不仅拥有丰富的试玩赚钱任务，还包括购物返利、任务体验等等，并且手机蹦蹦推广还有高额奖励,http://www.pc6.com/pc/shiwanzhuanqapp/18/,暂无
http://www.pc6.com/az/652298.html,代支付,2019-03-06  ,  29.8M,代支付app是一款抢单赚钱的客户端应用，代支付平台软件每天都会发布一系列赚钱任务，在代支付抢单轻松利用闲暇时间赚取佣金，并且代支付app提现简单,http://www.pc6.com/pc/shiwanzhuanqapp/18/,暂无
http://www.pc6.com/az/656026.html,微云房,2019-03-08  ,  1.2M,微云房app是一款24小时接单赚钱的客户端应用，微云房软件直接点击开始任务即可开始赚钱，每天都会自动派发大量任务，操作简单佣金高，微云房让赚钱更轻松,http://www.pc6.com/pc/shiwanzhuanqapp/18/,暂无
http://www.pc6.com/az/657049.html,赚圈儿,2019-04-04  ,  18.5M,赚圈儿app是一款做任务拿高佣金赚钱的客户端应用，赚圈儿软件不需要任何投资，在线即可寻找好玩的任务做任务赚钱，并且赚圈儿还会大数据推荐你喜欢的任务,http://www.pc6.com/pc/shiwanzhuanqapp/18/,暂无
http://www.pc6.com/az/655754.html,猫爪任务,2019-03-17  ,  22.9M,猫爪任务app是一款每天都有海量任务发布的兼职赚钱应用，猫爪任务软件让用户利用闲暇时间务动动手指即可轻松赚现金，并且猫爪任务所有任务非常简单,http://www.pc6.com/pc/shiwanzhuanqapp/18/,暂无
http://www.pc6.com/az/657140.html,趣搜索,2019-04-04  ,  8.9M,趣搜索app是一款任务多赚钱容易的客户端应用，趣搜索软件内置十多种搜索分类，想找的内容都能在趣搜索直接搜索，并且每一次点击搜索都有现金奖励,http://www.pc6.com/pc/shiwanzhuanqapp/18/,暂无
http://www.pc6.com/az/655661.html,手友赚,2019-03-07  ,  4.6M,手友赚app是一款移动做任务赚钱的客户端应用，手友赚软件方便任何群体利用手机在线接任务赚钱，任务丰富提现门槛低，只有有时间就能在手友赚轻松赚钱,http://www.pc6.com/pc/shiwanzhuanqapp/18/,暂无
http://www.pc6.com/az/663788.html,小桔试玩,2019-04-30  ,  5KB,小桔试玩app是一款已经有很多人试过的优质手赚平台。小桔试玩app的赚钱方式非常简单，你只需要每天打开小桔试玩app然后动动手指试玩游戏或应用就能给你带来更多的收益,http://www.pc6.com/pc/shiwanzhuanqapp/18/,暂无
http://www.pc6.com/az/664597.html,游戏赚,2019-05-06  ,  5.6M,游戏赚app是一款适合任何人群掌上兼职赚钱的客户端应用，游戏赚软件上选择喜欢的游戏注册试玩即可赚钱，并且游戏赚app玩得越久获得的佣金越高，提现审核非常快,http://www.pc6.com/pc/shiwanzhuanqapp/18/,暂无
http://www.pc6.com/az/667139.html,集财盒子,2019-05-16  ,  16.3M,集财盒子app是一款拥有庞大忠实粉丝群体的手机赚钱神器。集财盒子app每天都有无数的赚钱任务等你来挑选，你可以每天抽出点时间来集财盒子app完成指定任务就能获得丰厚的奖励,http://www.pc6.com/pc/shiwanzhuanqapp/18/,暂无
http://www.pc6.com/az/666911.html,亿帮扶,2019-05-15  ,  2.8M,亿帮扶app是一款利用一部手机即可简单赚钱的客户端应用，亿帮扶软件每天都会更新海量任务，在线找任务完成即可获得佣金，任务丰富佣金高，非常适合想赚零花钱的用户,http://www.pc6.com/pc/shiwanzhuanqapp/18/,暂无
http://www.pc6.com/az/691331.html,小财试玩,2019-08-05  ,  6.5M,小财试玩管家是一款安卓手机兼职赚钱软件。小财试玩app每天都会为大家更新各种好玩的赚钱任务，每天抽出一点时间打开小财试玩完成指定的任务就能获得非常丰厚的奖励了,http://www.pc6.com/pc/shiwanzhuanqapp/17/,暂无
http://www.pc6.com/az/677614.html,挣一亿,2019-08-21  ,  25.6M,挣一亿app是一款门槛低佣金高的手机赚钱软件应用，挣一亿软件聚合丰富的赚钱模式，用户只需用选择其中感兴趣任务完成即可赚钱，挣一亿还有丰厚的邀请奖励机制，随时轻松躺赚,http://www.pc6.com/pc/shiwanzhuanqapp/17/,暂无
http://www.pc6.com/az/630832.html,聚游公社,2019-08-27  ,  37.7M,聚游公社app是一款非常新颖的试玩游戏赚钱应用。聚游公社app上汇集了众多不同的手机游戏等着你来试玩，最新游戏你来玩。而且通过聚游公社app还能获得区块链资源进行交易,http://www.pc6.com/pc/shiwanzhuanqapp/17/,暂无
http://www.pc6.com/az/697571.html,分金八,2019-09-09  ,  9.8M,分金八app是一款掌上试玩各种游戏赚钱的客户端应用，分金八软件拥有超多综合任务，每天都能做大量任务，让你有时间就能疯狂掌上赚钱，分金八app赚钱多提现快,http://www.pc6.com/pc/shiwanzhuanqapp/17/,暂无
http://www.pc6.com/az/697917.html,效益派,2019-09-10  ,  13.4M,效益派app是基于微信公众号的手机网页游戏试玩赚钱平台，用户在效益派app完成游戏试玩任务达成即可获得金币奖励，金币可以兑换商品或直接提现,http://www.pc6.com/pc/shiwanzhuanqapp/17/,暂无
http://www.pc6.com/az/697687.html,千万盟,2019-09-09  ,  9.8M,千万盟app是一款利用碎片化时间轻松赚钱的客户端应用，千万盟软件上有超多简单好玩的游戏任务，用户可以按照佣金来选择任务，无需下载点击即可做任务，千万盟随时享受赚钱乐趣,http://www.pc6.com/pc/shiwanzhuanqapp/17/,暂无
http://www.pc6.com/az/669634.html,小龙赚钱,2019-09-09  ,  8.0M,小龙赚钱app是一款手机上试玩游戏应用赚钱的客户端应用，小龙赚钱软件天天都会提供多种形式的小任务，根据喜欢的选择在家玩手机就能轻松有钱赚钱，并且小龙赚钱10元就能提现,http://www.pc6.com/pc/shiwanzhuanqapp/17/,暂无
http://www.pc6.com/az/697544.html,闪电试玩,2019-09-09  ,  27.6M,闪电试玩app是一款非常好玩的生活类软件，闪电试玩app超级好用的网购省钱利器，大量的淘宝天猫京东优惠券免费领取，什么时候用什么时候领，简直太方便，感兴趣的朋友赶紧来闪电试玩app下载试试吧,http://www.pc6.com/pc/shiwanzhuanqapp/17/,暂无
http://www.pc6.com/az/683974.html,有赚网,2019-09-13  ,  9.7M,有赚网app是一款有玩还有钱拿的试玩赚钱应用，有赚网软件每天都有海量的休闲游戏任务，开局快消耗时间短 不会耽误用户太多时间，只要有空都能在有赚网上领取试玩任务赚钱,http://www.pc6.com/pc/shiwanzhuanqapp/17/,暂无
http://www.pc6.com/az/698215.html,豆豆试玩,2019-09-11  ,  13.4M,豆豆试玩赚钱app是一款既能玩游戏还能赚钱的游戏试玩软件。豆豆试玩app的赚钱十分的简单，豆豆试玩赚钱app每天都有无数好玩的游戏等你来玩，试玩一个游戏就能得奖励哦,http://www.pc6.com/pc/shiwanzhuanqapp/17/,暂无
http://www.pc6.com/az/708026.html,聚游赚,2019-10-22  ,  2.6M,聚游赚app是一款只需试玩游戏就能赚钱的软件。聚游赚app汇集各种类型的手游供大家免费下载试玩，试玩一个聚游赚app的游戏就有对应的奖励，试玩的游戏越多你赚的钱也就越多,http://www.pc6.com/pc/shiwanzhuanqapp/16/,暂无
http://www.pc6.com/az/708084.html,小白分享,2019-10-22  ,  4.7M,小白分享app是一款门槛低资源多的手机赚钱应用，小白分享软件每天都有海量任务等你来完成，利用空闲时间就能赚钱，小白分享app任务单价高，一元也能提现,http://www.pc6.com/pc/shiwanzhuanqapp/16/,暂无
http://www.pc6.com/az/708175.html,嘉嘉游戏,2019-10-22  ,  10.1M,嘉嘉游戏app是一款在线玩各种游戏赚钱的客户端应用，嘉嘉游戏软件让喜欢玩游戏的用户可以发现好玩的游戏，边玩边赚钱，嘉嘉游戏针对不同水平的用户还提供有不同的玩法,http://www.pc6.com/pc/shiwanzhuanqapp/16/,暂无
http://www.pc6.com/az/709626.html,海马快玩,2019-10-28  ,  0KB,海马快玩app是一款专为用户提供快捷的手机赚钱软件，海马快玩软件中主要是通过试玩游戏来获取收益，用户注册就能领取红包，每天海马快玩app还会更新大量的任务供用户完成，奖励还是蛮丰富的，收徒弟还有额外的分红奖励，需要的话就来预约吧,http://www.pc6.com/pc/shiwanzhuanqapp/16/,暂无
http://www.pc6.com/az/712612.html,趣味试玩,2019-11-07  ,  3.1M,趣味试玩app是一款小游戏试玩赚钱应用，趣味试玩软件上不仅有新上线的好游戏还有经典老游戏，选择自己喜欢的即可开始玩游戏赚钱，趣味试玩一元提现秒到账,http://www.pc6.com/pc/shiwanzhuanqapp/16/,暂无
http://www.pc6.com/az/713067.html,柚子试玩,2019-11-09  ,  20.3M,柚子试玩app是一款聚合超多有趣试玩任务的赚钱客户端应用，柚子试玩软件上每天都能在试玩列表中发现自己喜欢的小游戏，不仅可以一键试玩还能轻松拿零花钱，柚子试玩非常有趣,http://www.pc6.com/pc/shiwanzhuanqapp/16/,暂无
http://www.pc6.com/az/720009.html,芒果试玩,2019-12-04  ,  2.5M,芒果试玩app是一款非常不错的网赚平台，在芒果试玩软件里有超多的小游戏，用户可以在线上进行试玩，而且每一个游戏任务都有单价显示，在芒果试玩app里你只需要在规定时间内完成即可，没有太多其他的要求，简单的操作能够让你稳赚哦,http://www.pc6.com/pc/shiwanzhuanqapp/16/,暂无
http://www.pc6.com/az/752246.html,稳妥赚,2020-03-16  ,  11.6M,稳妥赚app是一款手机网赚软件，稳妥赚app帮助用户在线互动赚钱！稳妥赚app是零门槛在线互动赚钱！稳妥赚app让你轻松兼职赚钱！超多任务轻松做,http://www.pc6.com/pc/shiwanzhuanqapp/15/,暂无
http://www.pc6.com/az/719513.html,爱试客,2019-12-03  ,  0KB,爱试客app是最新推出的一款手机赚钱软件，爱试客软件主要是通过试玩软件来获取收益，每天都会更新大量的任务供用户完成，奖励还是蛮不错的，用户使用爱试客app点击开始任务就能自动下载完成，操作非常简单，让你轻松赚到大量零花钱,http://www.pc6.com/pc/shiwanzhuanqapp/16/,暂无
http://www.pc6.com/az/754034.html,多玩赚,2020-03-18  ,  5.5M,多玩赚app是一款通过试玩游戏来赚钱的手机试玩赚钱平台。多玩赚app上的游戏类型特别丰富，对于喜欢玩游戏的朋友来说来多玩赚app简直就是一个一举两得的好地方,http://www.pc6.com/pc/shiwanzhuanqapp/15/,暂无
http://www.pc6.com/az/754340.html,鲸鱼试玩,2020-03-18  ,  10.5M,"鲸鱼试玩app是一款专门为有空闲时间且喜欢网赚的朋友们精心打造的一款试玩赚钱平台,在鲸鱼试玩app上用户可以看到非常多的网赚试玩任务,鲸鱼试玩app都是一些非常简单的任务动动手指就可以完成",http://www.pc6.com/pc/shiwanzhuanqapp/15/,暂无
http://www.pc6.com/az/717312.html,海豚试玩,2019-11-25  ,  5.6M,海豚试玩app是一款做任务玩游戏就能赚钱的客户端应用，海豚试玩官方软件让用户可以随时玩游戏赚钱，碎片化时间有玩还有得赚钱，海豚试玩上满10元就能直接提现,http://www.pc6.com/pc/shiwanzhuanqapp/16/,暂无
http://www.pc6.com/az/754318.html,9565试玩,2020-03-18  ,  16M,9565试玩是一款十分实用的网赚软件，9565平台里汇集了海量的试玩应用，大家可以抢先体验，9565网赚平台每天都会为你提供多个简单的赚钱任务，9565试玩赚钱只需半个小时就能全部做完，9565小游戏零花钱来得就是这么轻松,http://www.pc6.com/pc/shiwanzhuanqapp/15/,暂无
http://www.pc6.com/az/749951.html,金币爆爆爆,2020-03-11  ,  10.3M,金币爆爆爆app是一款玩游戏做任务得奖励的客户端应用，金币爆爆爆软件上有超多趣味的小游戏挑战，试玩游戏积累财富，并且在金币爆爆爆中还有海量任务等你来做,http://www.pc6.com/pc/shiwanzhuanqapp/15/,暂无
http://www.pc6.com/az/755577.html,高价游戏,2020-03-20  ,  10.4M,高价游戏任务平台是一款玩游戏赚佣金的手赚应用，高价游戏app集合全网所有试玩游戏任务，用户只要体验玩游戏就能轻松月入千元，在高价游戏随时都可以玩游戏赚钱,http://www.pc6.com/pc/shiwanzhuanqapp/15/,暂无
http://www.pc6.com/az/756966.html,播种微笑,2020-03-23  ,  7.3M,播种微笑app是 一款在线做试玩任务赚钱的应用，播种微笑软件任务多，适合任何一个想赚零花钱的用户，只需要在大厅按兴趣和金额选择任务即可，播种微笑赚钱非常简单,http://www.pc6.com/pc/shiwanzhuanqapp/15/,暂无
http://www.pc6.com/az/687250.html,量冠,2020-03-23  ,  5.5M,量冠试玩app手机赚钱软件，量冠软件哟大量有不同类型的试玩任务，完成任务即可就能获得佣金。量冠app每天都会不定时更新海量任务，包含各个行业，试玩内容不会有如何风险，还能体验到新的内容，感兴趣的朋友赶快来下载吧,http://www.pc6.com/pc/shiwanzhuanqapp/15/,暂无
http://www.pc6.com/az/740151.html,招财猫星球,2020-04-08  ,  14.3M,招财猫星球app是一款趣味性非常强的做任务赚钱应用，招财猫星球软件上自由选择热门任务赚钱，一元就能提现，招财猫星球轻松秒赚，不需要押金,http://www.pc6.com/pc/shiwanzhuanqapp/14/,临沂千盈网络科技有限公司
http://www.pc6.com/az/699170.html,魔果子,2020-04-09  ,  9M,魔果子app是一款帮助用户创建网站的客户端应用，魔果子软件提供全网优质的体验式营销系统以及解决方案，让每个用户都能按照自己的想法创建网站，接入任务放心运营赚钱,http://www.pc6.com/pc/shiwanzhuanqapp/14/,福建魔果子网络科技有限公司
http://www.pc6.com/az/774311.html,王牌试客,2020-04-15  ,  0KB,王牌试客app是一款在线试玩软件，王牌试客app平台每天会发布大量的试玩任务，应用和游戏都有，试玩一个任务仅需两三分钟，试玩结束即可获得收益，多种赚钱模式等你来体验，还有收徒活动，完成之后奖励立即到账，现在新人加入还有专属活动，只要有时间就能来赚钱,http://www.pc6.com/pc/shiwanzhuanqapp/14/,暂无
http://www.pc6.com/az/697934.html,静享玩,2020-04-11  ,  9.9M,静享玩app是一款轻松秒赚的游戏赚钱应用，静享玩软件上每天都会发布超多的游戏赚钱任务，一点即可试玩，不需另外下载，简单易赚，静享玩app让用户轻松月入千元零花钱,http://www.pc6.com/pc/shiwanzhuanqapp/14/,钟明
http://www.pc6.com/az/770752.html,应用赚,2020-04-10  ,  11KB,应用赚钱软件是一款最新推出的试玩网赚app，在应用赚app上下载软件进行试玩，在应用赚app试玩到规定的时间后就可以获得一笔奖励金啦,http://www.pc6.com/pc/shiwanzhuanqapp/14/,暂无
http://www.pc6.com/az/775001.html,今日赚试玩,2020-04-16  ,  10.5M,今日赚试玩是一款每玩一款游戏就能得到相应报酬的试玩赚钱平台。今日赚试玩平台每个游戏试玩单价还是蛮高的，一天下来几十块随便赚，而且今日赚试玩还能满足玩游戏的需求,http://www.pc6.com/pc/shiwanzhuanqapp/14/,暂无
http://www.pc6.com/az/774208.html,云不倒,2020-04-15  ,  22.5M,云不倒app是一款已经有许多用户成功提现的掌上试玩游戏赚钱的平台。云不倒软件汇集了各个种类的手游资源，云不倒既能满足大家玩游戏的需求还能通过玩游戏获得想要的收益,http://www.pc6.com/pc/shiwanzhuanqapp/14/,暂无
http://www.pc6.com/az/773795.html,收藏红包,2020-04-15  ,  10.3M,收藏红包app是一款任务多红包多的投资赚钱应用，收藏红包软件中用户点点手机就能玩转各种任务，各种小游戏试玩任务都有，收藏红包让用户娱乐赚钱,http://www.pc6.com/pc/shiwanzhuanqapp/14/,暂无
http://www.pc6.com/az/771558.html,秒赚试玩,2020-04-13  ,  0KB,秒赚试玩app是一款试玩app就能赚钱的软件。秒赚试玩赚钱app里面有超多赚钱任务，用户只要依据任务的要求进行完成就可以收获丰厚的赏金，几分钟就可以赚收益,http://www.pc6.com/pc/shiwanzhuanqapp/14/,暂无
http://www.pc6.com/az/816253.html,武林外赚,2020-06-03  ,  10.3M,武林外赚app是一款主要以试玩任务为主的试玩赚钱应用，武林外赚软件中有很多好玩的应用，每天登陆武林外赚都能赚钱，并且在武林外赚收徒，还能拿徒弟做任务的提成,http://www.pc6.com/pc/shiwanzhuanqapp/13/,暂无
http://www.pc6.com/az/816515.html,赏金悬赏,2020-06-03  ,  10.3M,赏金悬赏app是一款随时随地做任务赚佣金的应用，赏金悬赏软件上有丰富的高佣任务，计步就能搞定任务赚钱，并且邀请好友玩转赏金悬赏高额任务提成拿不停,http://www.pc6.com/pc/shiwanzhuanqapp/13/,暂无
http://www.pc6.com/az/817491.html,趣上网,2020-06-04  ,  14.5M,趣上网app是一个游戏试玩赚钱平台。趣上网app内有各种有趣的小游戏，边玩边赚钱，趣上网app还有抽红包、省流量赚钱等福利，赚取金额可以轻松提现,http://www.pc6.com/pc/shiwanzhuanqapp/13/,广州洛里斯网络科技有限公司
http://www.pc6.com/az/640396.html,赚钱了,2020-06-03  ,  16.1M,赚钱了app，让你可利用零碎时间赚钱的手机软件。同时在赚钱了app中你不但可做任务赚钱，还能找淘宝兼职，邀请好友赚钱等,http://www.pc6.com/pc/shiwanzhuanqapp/13/,深圳佑辰网络技术有限公司
http://www.pc6.com/az/818778.html,豆爱玩,2020-06-05  ,  10.0M,豆爱玩app是一款做每日任务领分红豆的游戏应用，豆爱玩试玩软件每天不定时上新任务，只要有时间就能做任务拿分红赚钱，在豆爱玩中玩的越多赚的越多,http://www.pc6.com/pc/shiwanzhuanqapp/13/,暂无
http://www.pc6.com/az/817885.html,上网赚多多,2020-06-04  ,  14.5M,上网赚多多app是一个线上赚钱平台。用户在上网赚多多app玩玩游戏，签到分享就能赚钱，不需要任何投入，还有现金大奖红包等你来抽取哦,http://www.pc6.com/pc/shiwanzhuanqapp/13/,广州洛里斯网络科技有限公司
http://www.pc6.com/az/819381.html,财禄宝典,2020-06-07  ,  0KB,财禄宝典app是一款试玩兼职就可以轻松赚零花的手机赚钱软件，财禄宝典试玩兼职平台每天都会上线各种各样丰富要去的任务项目，还可在线选购自己的心意商品，分享推广也可赚佣金。,http://www.pc6.com/pc/shiwanzhuanqapp/13/,暂无
http://www.pc6.com/az/667604.html,百万盟,2020-06-30  ,  9.0M,百万盟app是一款试玩游戏每天都能赚零花钱的客户端应用，百万盟赚钱软件不仅能玩游戏试玩赚钱，做简单注册任务也能赚钱，百万盟app任务多，帮助用户轻松月入千元,http://www.pc6.com/pc/shiwanzhuanqapp/12/,暂无
http://www.pc6.com/az/819824.html,探探鼠,2020-06-08  ,  10.3M,探探鼠app是一款玩大量试玩任务赚钱的应用，探探鼠软件上提供各种类型的游戏任务，用户可以随时轻松在线赚钱得红包，探探鼠让线上赚钱更有趣，邀请好友双方都能拿奖励,http://www.pc6.com/pc/shiwanzhuanqapp/13/,暂无
http://www.pc6.com/az/835914.html,极通赚,2020-07-03  ,  12M,极通赚app是一款手机赚钱软件，极通赚app赚钱非常的简单，极通赚app用户只需要试玩就能赚钱，极通赚app里面有超多的任务，用户只需要完成要求就能赚钱，基本上试玩几分钟就能获得收益,http://www.pc6.com/pc/shiwanzhuanqapp/12/,暂无
http://www.pc6.com/az/834597.html,快玩赚,2020-07-01  ,  10.4M,快玩赚app是一款做综合任务赚钱的应用，快玩赚软件上用户可以自由选择赚钱模式，体验多种赚钱玩法，在快玩赚钱app里轻松玩玩手机就能获得高额奖励,http://www.pc6.com/pc/shiwanzhuanqapp/12/,暂无
http://www.pc6.com/az/646365.html,葫芦星球,2020-06-30  ,  8.8M,葫芦星球app是一款兼职赚钱软件，葫芦星球app兼职为用户提供众多的应用软件，葫芦星球app让你体验好玩的游戏的同时还能够获得现金奖励，每天都会提供众多的试玩任务,http://www.pc6.com/pc/shiwanzhuanqapp/12/,暂无
http://www.pc6.com/az/734501.html,24趣吧试玩,2020-07-07  ,  10.1M,24趣吧试玩app是一款通过多种娱乐模式轻松赚钱的客户端应用，24趣吧试玩软件中有很多的赚钱方式，用户利用业余时间就能加入参与赚钱，24趣吧奖品非常丰富,http://www.pc6.com/pc/shiwanzhuanqapp/12/,暂无
http://www.pc6.com/az/838732.html,搜虎,2020-07-08  ,  26.2M,搜虎试玩app是一款不用动脑子就能有钱赚的试玩游戏赚钱平台。搜虎app试玩平台每个赚钱任务都标有相应的报酬，完成搜虎试玩app任务之后这个报酬就是你的，上搜虎试玩每天赚个几十块不是问题,http://www.pc6.com/pc/shiwanzhuanqapp/12/,暂无
http://www.pc6.com/az/836371.html,天宏赚钱,2020-07-03  ,  32.0M,天宏赚钱app是一款游戏试玩赚钱的应用，天宏赚钱软件中每天做做日常任务就能赚取红豆，利用红豆可以兑换现金和各种奖励，天宏赚钱收益非常可观,http://www.pc6.com/pc/shiwanzhuanqapp/12/,暂无
http://www.pc6.com/az/837707.html,小熊试玩,2020-07-06  ,  13M,小熊试玩app是一款非常不错安全靠谱的手机赚钱接单试玩赚钱软件，进入小熊试玩赚钱平台超多游戏等待玩家体验，打开手机在家就可以轻松躺赚。小熊试玩app，让您轻轻松松获得可观收益。,http://www.pc6.com/pc/shiwanzhuanqapp/12/,暂无
http://www.pc6.com/az/843045.html,臻享试玩,2020-07-14  ,  37.8M,臻享试玩app是一款每个任务都是明码标价的试玩游戏赚钱的神器。臻享试玩app对于本身就喜欢玩游戏的朋友来说简直就是天堂，通过臻享试玩app既可以玩游戏玩到饱，臻享试玩还有丰厚奖励等你拿,http://www.pc6.com/pc/shiwanzhuanqapp/11/,暂无
http://www.pc6.com/az/843307.html,装车大师,2020-07-15  ,  76.1M,装车大师是美都科技（天津）有限公司开发的一款汽车电子产品安装赚钱软件，用户可以在平台上随时查看和接任务，装车大师免费版手机版完成订单即可赚取佣金奖励，实现技能变现。,http://www.pc6.com/pc/shiwanzhuanqapp/11/,暂无
http://www.pc6.com/az/843374.html,闲钱赚,2020-07-15  ,  13M,闲钱赚app是一款简单趣味的手机赚钱软件，每天闲钱赚钱平台上都会发布各种不同的任务，用户可根据需求进行领取，随时通过闲钱赚app阅读资讯，试玩游戏，转发文章，轻轻松松获得一笔可观的收益。,http://www.pc6.com/pc/shiwanzhuanqapp/11/,暂无
http://www.pc6.com/az/699592.html,零钱帮帮,2020-07-18  ,  20.6M,零钱帮帮app是一款掌上通过多种形式赚钱的客户端应用，零钱帮帮软件为用户提供多样好玩的任务模式，足不出户也能轻松有零花钱，并且零钱帮帮还有超多游戏试玩赚钱任务，有玩还有钱拿,http://www.pc6.com/pc/shiwanzhuanqapp/10/,暂无
http://www.pc6.com/az/699032.html,大惊鸿,2020-07-18  ,  30.6M,大惊鸿app是一款躺在家里就能快速赚钱的客户端应用，大惊鸿软件满足各类用户赚钱需求，提供各色各样的赚钱方式，做得多赚得多，并且大惊鸿上邀请好友收徒还有丰厚奖励,http://www.pc6.com/pc/shiwanzhuanqapp/10/,暂无
http://www.pc6.com/az/694662.html,宝猪乐园,2020-07-15  ,  13.0M,宝猪乐园app是一款身边的小伙伴都在玩的试玩游戏赚钱软件。宝猪乐园app为大家准备了各种好玩的手机游戏，试玩宝猪乐园app上的游戏就能为你带来源源不断的收益,http://www.pc6.com/pc/shiwanzhuanqapp/11/,安徽宝猪信息科技有限公司
http://www.pc6.com/az/732180.html,快乐玩,2020-07-15  ,  5.4M,快乐玩游戏平台是一款游戏任务多奖励丰厚的网赚应用，快乐玩app适合任意用户在线赚钱，每天利用闲时选择玩小游戏赚钱，快乐玩游戏平台提现简单快速,http://www.pc6.com/pc/shiwanzhuanqapp/11/,暂无
http://www.pc6.com/az/698035.html,米玩,2020-07-18  ,  20.2M,米玩app是一款报酬非常高的手赚客户端应用，米玩软件上每天都能领取任务，没有时间限制，只要有空都能做任务，并且米玩赚钱项目都很轻松简单,http://www.pc6.com/pc/shiwanzhuanqapp/10/,暂无
http://www.pc6.com/az/835947.html,好零赚,2020-07-03  ,  13M,好零赚app是一款试玩各种产品和游戏的手机做任务推广接单网赚软件，好零赚app内上线的网赚项目都是时下非常热门火爆备受大家喜欢的，用户打开好零赚app即可轻松的网赚收益。,http://www.pc6.com/pc/shiwanzhuanqapp/12/,暂无
http://www.pc6.com/az/696986.html,武林外传试玩,2020-07-18  ,  12.6M,武林外传试玩app是一款提供花式试玩赚钱任务的客户端应用，武林外传试玩软件上直接通过玩应用就能轻松赚钱，任务每天更新，自由选择任务模式，武林外传试玩app奖励非常丰厚,http://www.pc6.com/pc/shiwanzhuanqapp/10/,暂无
http://www.pc6.com/az/697597.html,草帽试玩,2020-07-18  ,  20.6M,草帽试玩app是一款满一元也能体现的试玩赚钱应用，草帽试玩软件上有着海量的游戏任务，只需选择喜欢的任务，按要求完成试玩即可获得收益，草帽试玩app没有任何的门槛需求,http://www.pc6.com/pc/shiwanzhuanqapp/10/,暂无
http://www.pc6.com/az/697584.html,瑶瑶快赚,2020-07-18  ,  20.6M,瑶瑶快赚app是一款超简单的手机赚钱应用，瑶瑶快赚软件上汇聚全网超丰富的手赚任务，以试玩赚钱为主，用户可以自由选择，每天闲事都能来瑶瑶快赚赚零花钱，收益超高,http://www.pc6.com/pc/shiwanzhuanqapp/10/,暂无
http://www.pc6.com/az/701008.html,狐狸试玩,2020-07-20  ,  20.4M,狐狸试玩app是一款在线任务超级多的客户端应用，狐狸试玩软件注册即可获得现金奖励，每天在线试玩还有超高佣金，单价0.8元起步，做得多赚得多，狐狸试玩轻松玩手机就能赚零花钱,http://www.pc6.com/pc/shiwanzhuanqapp/9/,暂无
http://www.pc6.com/az/693061.html,aso试玩平台,2020-07-18  ,  10.6M,aso试玩兼职软件是一款利用碎片化时间试玩应用赚钱的客户端应用，aso体验平台app上会有超多的试玩体验任务，试玩应用完成后现金马上到账，并且aso试玩平台邀请好友试玩也能拿提成,http://www.pc6.com/pc/shiwanzhuanqapp/10/,暂无
http://www.pc6.com/az/714828.html,游戏宝,2020-07-20  ,  20.3M,游戏宝app是一款提供多种试玩任务赚钱的应用，游戏宝试玩游戏软件试玩单价高，每个任务都有明细的佣金说明，轻松就能赚取高额红包，推广游戏宝收徒每天还能享受躺赚模式,http://www.pc6.com/pc/shiwanzhuanqapp/9/,暂无
http://www.pc6.com/az/737395.html,好逗试玩,2020-07-20  ,  10.1M,好逗试玩app是一款短短几分钟就能快速赚钱的客户端应用，好逗试玩软件每天利用碎片化时间寻找任务，简单做任务就有钱，好逗试玩app奖励高到账急速,http://www.pc6.com/pc/shiwanzhuanqapp/9/,暂无
http://www.pc6.com/az/738205.html,小熊零花试玩,2020-07-20  ,  10.2M,小熊零花app是一款在线做任务赚零花钱的客户端应用，小熊零花试玩平台软件任务多优势大，任何用户都能在线试玩赚钱，小熊零花app提现也很快,http://www.pc6.com/pc/shiwanzhuanqapp/9/,暂无
http://www.pc6.com/az/754232.html,元宝猫试玩,2020-07-20  ,  3.3M,元宝猫试玩是一款全网超流行的手机试玩挣钱的软件，元宝猫app支持多种机型和手机系统，试玩的软件和游戏都是市场上比较受欢迎的app，元宝猫 赚钱还能邀请好友发展下线获得更多奖励，快来下载吧,http://www.pc6.com/pc/shiwanzhuanqapp/9/,暂无
http://www.pc6.com/az/820934.html,赚啊,2020-06-09  ,  17.5M,赚啊app是一款对喜欢玩游戏的来说简直是天堂的试玩赚钱赚钱平台。赚啊app汇集了各种类型的赚钱小游戏，赚钱的方式很简单，下载赚啊app为大家准备了各种小游戏即可获得平台金币,http://www.pc6.com/pc/shiwanzhuanqapp/13/,暂无
http://www.pc6.com/az/763215.html,爱试玩,2020-07-20  ,  12.3M,爱试玩app是一款手机试玩赚钱应用，用户通过爱试玩app下载应用与游戏，爱试玩app只需下载与试玩即可获得现金红包奖励，软件有着优厚的分红机制，让您只需一部手机就能快速赚钱,http://www.pc6.com/pc/shiwanzhuanqapp/9/,暂无
http://www.pc6.com/az/731270.html,仟寻网,2020-07-21  ,  8.6M,仟寻网app是一款手机试玩赚钱软件，仟寻网app上有丰富的任务项目，仟寻网app用户可以利用自己的空闲时间每天试玩各种游戏软件，轻松赚收益得现金,http://www.pc6.com/pc/shiwanzhuanqapp/8/,暂无
http://www.pc6.com/az/732434.html,多玩助手,2020-07-21  ,  7.9M,"多玩助手app是一款试玩赚钱平台,在多玩助手app上用户可以看到非常多的网赚试玩任务,都是一些非常简单的任务动动手指就可以完成,多玩助手app每天都会更新非常多的任务,单子单价高,提现立马到账",http://www.pc6.com/pc/shiwanzhuanqapp/8/,暂无
http://www.pc6.com/az/688244.html,立马赚,2020-07-20  ,  120M,立马赚app是一款没有任何风险的安全手机赚钱平台。立马赚试玩的赚钱方式很简单，立马赚app拥有各种各样的赚钱任务，你只需试玩立马赚app的应用或游戏就能够赚钱,http://www.pc6.com/pc/shiwanzhuanqapp/9/,暂无
http://www.pc6.com/az/741617.html,闯关领红包,2020-07-21  ,  10.9M,闯关领红包app是一款提供趣味赚钱小游戏的客户端应用，闯关领红包软件中有超多的小游戏，不仅满足用户娱乐需求，还能在闯关领红包上玩游戏赚金币,http://www.pc6.com/pc/shiwanzhuanqapp/8/,暂无
http://www.pc6.com/az/792348.html,星赚星球,2020-07-21  ,  0KB,星赚星球app是最新推出的试玩赚钱平台，星赚星球app里面为用户提供了非常多的试玩任务，你随时都是可以在线领取任务完成的，平台上的试玩任务都是超级简单的，你两三分钟就可以完成一个试玩任务，还有许多的奖励可以获取的，平台上的收益还是很不错的哦,http://www.pc6.com/pc/shiwanzhuanqapp/8/,暂无
http://www.pc6.com/az/808648.html,玩兼赚,2020-07-21  ,  60M,玩兼赚app是一款非常火爆的手机兼职试玩赚钱软件，这里有海量精选的游戏资讯和攻略，以及其他的赚钱赚钱和玩法，新手下载注册即可获得现金红包奖励，超多福利等你来体验。,http://www.pc6.com/pc/shiwanzhuanqapp/8/,暂无
http://www.pc6.com/az/716664.html,风驰助手,2020-07-21  ,  20.3M,风驰助手app是一款掌上体验试玩赚钱的客户端应用，风驰助手软件既满足玩家游戏需求，又可以线上赚零花钱，并且风驰助手上邀请新人加入还有丰厚的奖励,http://www.pc6.com/pc/shiwanzhuanqapp/8/,暂无
http://www.pc6.com/az/792537.html,全民乐赚,2020-07-21  ,  0KB,全民乐赚是一款好用的线上赚钱软件，软件上每天都会更新大量的任务，阅读资讯、试玩游戏都有，用户可以做任务轻松赚钱，安全可靠。,http://www.pc6.com/pc/shiwanzhuanqapp/8/,暂无
http://www.pc6.com/az/807655.html,幸运赚钱,2020-07-21  ,  60M,幸运赚钱app是一款通过完成试玩游戏等任务来赚钱的简单赚钱的软件。幸运赚钱软件并不只是单一的赚钱方式，不管你是通过幸运赚钱游戏哪种形式来赚钱的，只要完成了即可,http://www.pc6.com/pc/shiwanzhuanqapp/8/,暂无
http://www.pc6.com/az/832182.html,多玩多赚,2020-07-21  ,  60M,多玩多赚app是一款任务多、收益高的手机赚钱软件，用户每天进入多玩多赚app首页可以选择自己喜欢的任务去完成，只需几分钟即可随时随地通过多玩多赚app获得相应的报酬。,http://www.pc6.com/pc/shiwanzhuanqapp/8/,暂无
http://www.pc6.com/az/827128.html,应用部落,2020-07-22  ,  9.7M,应用部落试玩是一款手机试玩赚钱软件，应用部落app内向用户们提供了海量趣味游戏和软件，应用部落app用户们可以在闲暇时间里进行下载试玩，每下载一个软件或者游戏就可以获得海量金币,http://www.pc6.com/pc/shiwanzhuanqapp/8/,暂无
http://www.pc6.com/az/835922.html,五翼互娱,2020-07-22  ,  13.3M,五翼互娱app是一款玩游戏赚钱软件，五翼互娱app每天都有零花钱，随时可提现，五翼互娱app游戏画面清晰，画风简约清新自然，五翼互娱app让你在游戏中就能赚钱,http://www.pc6.com/pc/shiwanzhuanqapp/8/,暂无
http://www.pc6.com/az/853572.html,乐赚宝盒,2020-07-31  ,  12.7M,乐赚宝盒app是一款刚上线就吸引无数用户关注的顶级手赚平台。乐赚宝盒app简直就是爱玩游戏的朋友的天堂，乐赚宝盒app汇集了各种各样的好玩游戏供大家免费试玩，试玩就算了乐赚宝盒还有奖赏拿,http://www.pc6.com/pc/shiwanzhuanqapp/7/,暂无
http://www.pc6.com/az/817189.html,贝壳满满,2020-07-22  ,  26.9M,贝壳满满app是一款赚钱方式非常丰富的做任务赚钱的平台。贝壳满满app的赚钱方式包括试玩游戏、看视频等等。在贝壳满满app做的任务越多给你带来的收益也将越多,http://www.pc6.com/pc/shiwanzhuanqapp/8/,暂无
http://www.pc6.com/az/805982.html,金手指试玩,2020-08-04  ,  17M,金手指试玩是一款非常不错的金融理财类手机软件，用户可以通过金手指试玩app来快速的进行赚取零花钱。感兴趣的小伙伴们快来下载金手指试玩app试试吧！,http://www.pc6.com/pc/shiwanzhuanqapp/7/,暂无
http://www.pc6.com/az/697978.html,首席试玩官,2020-07-18  ,  9.8M,首席试玩官app是一款提供各种日赚任务的客户端应用，首席app体验赚钱平台让用户每天可以轻松赚百元零花钱，任务不断更新，不同任务拥有不同的收入，只需轻松做任务就能拿钱，首席试玩官让网赚更轻松,http://www.pc6.com/pc/shiwanzhuanqapp/10/,暂无
http://www.pc6.com/az/693038.html,小豆附近,2020-07-22  ,  20.4M,小豆附近app是一款试玩各种软件游戏赚钱的客户端应用，小豆附近试玩软件上全天不断更新试玩任务，只要有时间就能轻松在线试玩赚钱，小豆附近要求简单提现速度快,http://www.pc6.com/pc/shiwanzhuanqapp/8/,暂无
http://www.pc6.com/az/855463.html,精灵试客,2020-08-04  ,  36.2M,精灵试客app是一款赚钱方式非常自由的专业试玩赚钱的手赚应用。精灵试客赚钱不仅有众多的试玩游戏而且精灵试客软件还有很多的优质应用。挑选精灵试客app你喜欢的游戏或者应用下载就能赚钱,http://www.pc6.com/pc/shiwanzhuanqapp/7/,暂无
http://www.pc6.com/az/856165.html,悬赏猎人,2020-08-04  ,  13M,悬赏猎人app是一款提供海量丰富火爆手赚项目的赚钱软件，悬赏猎人app汇聚了目前非常火热受欢迎的各种网赚项目，试玩游戏、转发分享，兼职做任务，各种玩法模式应有尽有，手机打开悬赏猎人app即可赚收益。,http://www.pc6.com/pc/shiwanzhuanqapp/7/,暂无
http://www.pc6.com/az/855714.html,游试客,2020-08-04  ,  4.1M,游试客app是一款通过简单试玩任务赚钱的应用，游试客软件奖励多任务多，每天都有丰厚大奖礼品等你来赚，游试客无门槛提现也很简单,http://www.pc6.com/pc/shiwanzhuanqapp/7/,深圳市游戏谷科技有限公司
http://www.pc6.com/az/856281.html,动力达人,2020-08-05  ,  15.2M,动力达人app是一款每天签到就有红包领的专业试玩赚钱的工具。动力达人app给大家准备了超级多好玩的游戏和应用。动力达人app不仅可以通过试玩来赚钱，每邀请一个好友来动力达人还有额外奖赏,http://www.pc6.com/pc/shiwanzhuanqapp/7/,暂无
http://www.pc6.com/az/855453.html,青木试客,2020-08-04  ,  16.7M,青木试客app是一款一边试玩游戏一边获得现金奖赏的试玩赚钱的软件。青木试客赚钱每试玩一个游戏就有相应收益，试玩青木试客app的游戏越多青木试客赚钱给你带来的回报报酬也是越多的,http://www.pc6.com/pc/shiwanzhuanqapp/7/,暂无
http://www.pc6.com/az/856902.html,试玩部落,2020-08-05  ,  19.1M,试玩部落app是一款实在没法不心动的高收益试玩游戏赚钱的应用。试玩部落app为了吸引更多人前来因此试玩部落app设置的奖励还是非常可观的，一天下来试玩部落app赚个上百块都不是问题,http://www.pc6.com/pc/shiwanzhuanqapp/7/,暂无
http://www.pc6.com/az/856230.html,闲玩试玩,2020-08-04  ,  15.3M,闲玩试玩app是一款可以边玩游戏边试玩赚钱的平台。闲玩试玩平台汇集来自国内外各种类型的手游供大家免费试玩。闲玩试玩app每款游戏都标有相应佣金，试玩闲玩试玩平台的游戏越多佣金越多,http://www.pc6.com/pc/shiwanzhuanqapp/7/,暂无
http://www.pc6.com/az/875235.html,多多红包高额任务版,2020-09-07  ,  17M,多多红包高额任务版官方版是一款非常不错的生活服务类手机软件，用户可以在多多红包高额任务版app上领取大量的试玩任务，轻松即可在多多红包高额任务版app上赚钱哦！,http://www.pc6.com/pc/shiwanzhuanqapp/6/,暂无
http://www.pc6.com/az/876364.html,早晚赚,2020-09-08  ,  10.5M,早晚赚app是一款赚钱模式多样的线上赚钱应用，早晚赚软件上新人注册就有现金，每天只需要签到玩玩游戏，做做测试就能得红包，早晚赚app超多小游戏任务等你参与,http://www.pc6.com/pc/shiwanzhuanqapp/6/,南京秘果智能科技有限公司
http://www.pc6.com/az/875949.html,摸鱼赚钱,2020-09-08  ,  0KB,摸鱼赚钱app是一款全新趣味好玩的试玩做任务手机赚钱软件，摸鱼赚钱app的注册方式简单易操作，新用户可以领取专属的赚钱福利，手机打开摸鱼赚钱app可以选择自己喜欢的试玩项目赚佣金。,http://www.pc6.com/pc/shiwanzhuanqapp/6/,暂无
http://www.pc6.com/az/877049.html,云扶帮,2020-09-09  ,  16.7M,云扶帮app是一款可以做任务赚钱的平台，云扶帮app拥有多种任务，用户可以通过看视频、游戏试玩、签到完成任务赚取赏金，云扶帮app能够随时提现，用户利用空闲时间，轻松能赚零花钱。,http://www.pc6.com/pc/shiwanzhuanqapp/6/,深圳原游科技有限公司
http://www.pc6.com/az/875044.html,悠哈试玩,2020-09-06  ,  16.0M,悠哈试玩app是一款每天都能领取试玩任务赚高额佣金的应用，悠哈试玩软件里有非常多的小游戏，超多现金红包等你来抢，快来悠哈试玩app玩游戏赚钱吧,http://www.pc6.com/pc/shiwanzhuanqapp/6/,舟山小男孩信息技术有限公司
http://www.pc6.com/az/791963.html,闲时帮帮,2020-09-25  ,  21.8M,闲时帮帮app是一款躺赚做任务也能赚钱的应用，闲时帮帮软件上随时可以找到靠谱的兼职项目，用户可根据资金选择，邀请好友一起来闲时帮帮做任务，轻松日赚千元,http://www.pc6.com/pc/shiwanzhuanqapp/5/,深圳前海微爱科技有限公司
http://www.pc6.com/az/888681.html,试玩小兵,2020-09-27  ,  56.2M,试玩小兵app是一款小有名气的应用游戏试玩赚钱的工具。试玩小兵这里的每一个游戏和应用都是经过试玩小兵平台事先试用，保证都是安全靠谱的。试玩小兵每个游戏只要试玩几分钟即可非常方便,http://www.pc6.com/pc/shiwanzhuanqapp/5/,暂无
http://www.pc6.com/az/859386.html,火鸡赚钱,2020-08-10  ,  16.7M,火鸡赚钱app是一款拥有超多福利的游戏试玩赚钱的神器。火鸡赚钱新手红包第一次注册的时候就有大红包相送，往后只要玩家每天肯抽出点时间来火鸡赚钱做点任务火鸡赚钱app收益也是源源不断的,http://www.pc6.com/pc/shiwanzhuanqapp/7/,暂无
http://www.pc6.com/az/889255.html,触金试玩,2020-09-27  ,  5.3M,触金试玩app是一款趣味做游戏试玩任务拿高收益的应用，触金试玩软件上根据任务需求完成即可获得现金，任务多奖励丰厚，触金试玩app让你每天利用闲时轻松赚,http://www.pc6.com/pc/shiwanzhuanqapp/5/,暂无
http://www.pc6.com/az/890384.html,菠萝赚,2020-09-29  ,  45.2M,菠萝赚app是一款赚钱方式丰富多样的综合性手赚平台。菠萝赚试玩的赚钱方式分为试玩游戏、完成任务等，只要按照菠萝赚app的要求去做即可，菠萝赚每天24小时随时都能来这里赚钱,http://www.pc6.com/pc/shiwanzhuanqapp/5/,暂无
http://www.pc6.com/az/823902.html,互帮鸭,2020-11-16  ,  14.4M,互帮鸭app是一款任务多奖励多的做任务赚钱应用，互帮鸭软件上有很多靠谱的兼职任务，用户每天点点手机就能赚钱，互帮鸭提现无手续费满足你的赚钱需求,http://www.pc6.com/pc/shiwanzhuanqapp/4/,祁东县冠成网络科技有限公司
http://www.pc6.com/az/917623.html,狸猫游戏盒子,2020-11-16  ,  34.8M,狸猫游戏盒子app是一款男女老少都适合的试玩游戏赚钱应用。狸猫游戏盒子这里的游戏资源无比的多，通过试玩游戏的方式就能赢得奖励。狸猫游戏盒子app还非常诚信，当天赚到的钱当天就能取出来,http://www.pc6.com/pc/shiwanzhuanqapp/4/,暂无
http://www.pc6.com/az/889333.html,钱眼喵喵,2020-09-28  ,  17M,钱眼喵喵app是一款全新重磅来袭的游戏试玩手机赚钱软件，钱眼喵喵app提供海量丰富的应用和游戏供大家在线体验和试玩，不需要花费太多时间，完成想用任务就可以获得红包奖励，通过钱眼喵喵app获得不错的收益。,http://www.pc6.com/pc/shiwanzhuanqapp/5/,暂无
http://www.pc6.com/az/918171.html,多淘金,2020-11-17  ,  8.7M,多淘金app是一款魅力无极限的趣味试玩手赚项目。多淘金这里的试玩游戏类型众多，多淘金app每一个游戏下面都标有价格，只要将游戏下载下来试玩就能得到相应的报酬佣金,http://www.pc6.com/pc/shiwanzhuanqapp/4/,暂无
http://www.pc6.com/az/889744.html,喵信号,2020-09-28  ,  17M,喵信号试玩app是一款全新火爆趣味上线的试玩做任务手机赚钱软件，喵信号任务平台每天准时上线更新各种各样收益可观、正规靠谱的试玩项目，手机打开喵信号软件，不限时间地点就可以轻松做任务赚收益。,http://www.pc6.com/pc/shiwanzhuanqapp/5/,暂无
http://www.pc6.com/az/918188.html,暮瞳,2020-11-17  ,  23.9M,暮瞳app是一款一上线就获得无数关注的玩游戏赚钱应用。暮瞳没有套路，暮瞳app门槛也很低，有手机就能做。暮瞳提现手续也特别简单，一般当天赚到的钱当天就能申请提现当天就能到账,http://www.pc6.com/pc/shiwanzhuanqapp/4/,暂无
http://www.pc6.com/az/917758.html,球球试玩,2020-11-16  ,  10.3M,球球试玩app是一款试玩游戏获得现金奖励的应用，球球试玩软件中只需要利用几分钟的时间玩一局游戏就能赚钱，球球试玩app任务更新不断,http://www.pc6.com/pc/shiwanzhuanqapp/4/,暂无
http://www.pc6.com/az/936415.html,天天乐玩,2020-12-16  ,  20M,天天乐玩是一款游戏玩不停的试玩游戏赚钱的应用。天天乐玩app这里的游戏种类齐全资源丰富，而且天天乐玩所有游戏都是安全无病毒的，大家完全可以随时来天天乐玩app这里试玩游戏赚钱,http://www.pc6.com/pc/shiwanzhuanqapp/3/,深圳市湘粤网络科技有限公司
http://www.pc6.com/az/671302.html,步叮,2020-12-15  ,  4.3M,步叮app是一款游戏赚钱的客户端应用，步叮软件上每天都有海量试玩任务，只需短短几分钟就能完成任务获得佣金，并且步叮软件支持微信随时提现，收益多提现快,http://www.pc6.com/pc/shiwanzhuanqapp/3/,暂无
http://www.pc6.com/az/936296.html,趣兔试玩,2020-12-16  ,  17M,趣兔试玩官方版是一款非常不错的生活服务类手机软件，你可以通过趣兔试玩app来进行做任务赚钱，趣兔试玩app上有着大量的轻松任务等你来领取哦！,http://www.pc6.com/pc/shiwanzhuanqapp/3/,暂无
http://www.pc6.com/az/662676.html,火星试玩,2020-12-15  ,  2.0M,火星试玩app是一款试玩应用赚钱的客户端应用，火星试玩软件上每天都有海量赚钱任务，根据要求完成任务即可轻松赚，任务多，佣金高，火星试玩提现也很方便,http://www.pc6.com/pc/shiwanzhuanqapp/3/,暂无
http://www.pc6.com/az/663798.html,蝉试客,2020-12-12  ,  17.2M,蝉试客app是一款有趣的试玩赚钱客户端应用，只要有时间就能立刻在蝉试客软件上碎片化玩转任务赚钱，并且蝉试客推广收徒也能获得任务奖励，轻松躺赚,http://www.pc6.com/pc/shiwanzhuanqapp/3/,厦门蝉声网络科技有限公司
